,Ticket No,Encode Route,isSleeper,Service Number,Seat Fare,Total Ticket Amount,Category,Age,Time Of Travel,Departure Date Time,Gender,Booked Date Time,Journey Date Time,Booking Gap Days,Age Group
0,ABC01,BN-TP,0,BN-TP-AC-SE-0700,1179,1179.0,Redbus,36,Early Morning,2025-12-24 07:00:00,M,2025-11-21 20:38:40,2025-12-24 09:15:00,32,26-40
1,ABC02,TP-BN,0,TP-BN-AC-SE-0700,1179,2408.0,Redbus,23,Early Morning,2025-12-29 07:00:00,M,2025-11-26 00:30:15,2025-12-29 07:00:00,33,18-25
2,ABC03,TP-BN,0,TP-BN-AC-SE-0700,1229,2408.0,Redbus,23,Early Morning,2025-12-29 07:00:00,F,2025-11-26 00:30:15,2025-12-29 07:00:00,33,18-25
3,ABC04,CHN-BNG,1,CHN-BNG-AC-SE/SL-1930,1765,1765.0,Online,28,Evening,2025-12-24 19:30:00,M,2025-11-26 12:44:45,2025-12-24 20:45:00,28,26-40
4,ABC05,TP-BN,0,TP-BN-AC-SE-1115,1179,3637.0,Redbus,50,Day Service,2025-12-26 11:15:00,M,2025-11-26 18:38:24,2025-12-26 11:30:00,29,41-60
5,ABC06,TP-BN,0,TP-BN-AC-SE-1115,1229,3637.0,Redbus,13,Day Service,2025-12-26 11:15:00,M,2025-11-26 18:38:24,2025-12-26 11:30:00,29,1-17
6,ABC07,TP-BN,0,TP-BN-AC-SE-1115,1229,3637.0,Redbus,42,Day Service,2025-12-26 11:15:00,F,2025-11-26 18:38:24,2025-12-26 11:30:00,29,41-60
7,ABC08,BN-TP,0,BN-TP-AC-SE-1230,1119,3477.0,Redbus,54,Day Service,2025-12-24 12:30:00,F,2025-11-26 19:01:11,2025-12-24 13:30:00,27,41-60
8,ABC09,BN-TP,0,BN-TP-AC-SE-1230,1179,3477.0,Redbus,32,Day Service,2025-12-24 12:30:00,M,2025-11-26 19:01:11,2025-12-24 13:30:00,27,26-40
9,ABC10,BN-TP,0,BN-TP-AC-SE-1230,1179,3477.0,Redbus,5,Day Service,2025-12-24 12:30:00,M,2025-11-26 19:01:11,2025-12-24 13:30:00,27,1-17
10,ABC11,TP-BN,0,TP-BN-AC-SE-0800,1179,4816.0,Redbus,13,Early Morning,2025-12-27 08:00:00,F,2025-11-28 10:29:30,2025-12-27 08:00:00,28,1-17
11,ABC12,TP-BN,0,TP-BN-AC-SE-0800,1179,4816.0,Redbus,41,Early Morning,2025-12-27 08:00:00,F,2025-11-28 10:29:30,2025-12-27 08:00:00,28,41-60
12,ABC13,TP-BN,0,TP-BN-AC-SE-0800,1229,4816.0,Redbus,41,Early Morning,2025-12-27 08:00:00,F,2025-11-28 10:29:30,2025-12-27 08:00:00,28,41-60
13,ABC14,TP-BN,0,TP-BN-AC-SE-0800,1229,4816.0,Redbus,41,Early Morning,2025-12-27 08:00:00,M,2025-11-28 10:29:30,2025-12-27 08:00:00,28,41-60
14,ABC15,VSKP-GNT,0,VSKP-GNT-AC-SE-2030,641,517.65,Abhibus,47,Evening,2026-01-13 20:30:00,F,2026-01-11 18:57:32,2026-01-13 22:18:00,2,41-60
15,ABC16,VSKP-GNT,0,VSKP-GNT-AC-SE-2030,673,517.65,Abhibus,52,Evening,2026-01-13 20:30:00,M,2026-01-11 18:57:32,2026-01-13 22:18:00,2,41-60
16,ABC17,ERD-BNG,0,ERD-BNG-AC-SE-2100,399,348.5,Abhibus,35,Evening,2026-01-14 21:00:00,M,2026-01-11 12:52:33,2026-01-14 22:55:00,3,26-40
17,ABC18,HYD-ELR,0,HYD-ELR-AC-SE-1930,1499,0.0,Redbus,22,Evening,2026-01-10 19:30:00,M,2026-01-10 17:11:37,2026-01-10 21:20:00,0,18-25
18,ABC19,GNT-HYD,1,GNT-HYD-AC-SE/SL-2200,704,1438.2,Redbus,39,Overnight,2026-01-15 22:00:00,M,2026-01-09 19:20:13,2026-01-15 23:15:00,6,26-40
19,ABC20,VSKP-GNT,0,VSKP-GNT-AC-SE-2030,494,0.0,Abhibus,20,Evening,2026-01-13 20:30:00,M,2026-01-13 13:19:06,2026-01-13 20:30:00,0,18-25
20,ABC21,VSKP-GNT,0,VSKP-GNT-AC-SE-2030,494,0.0,Abhibus,53,Evening,2026-01-13 20:30:00,M,2026-01-13 13:19:06,2026-01-13 20:30:00,0,41-60
21,ABC22,VJY-HYD,1,VJY-HYD-AC-SE/SL-1000,359,295.2,PayTM,18,Day Service,2026-01-10 10:00:00,M,2026-01-09 22:10:49,2026-01-10 11:10:00,0,18-25
22,ABC23,HYD-ELR,0,HYD-ELR-AC-SE-2030,745,669.8,Abhibus,22,Evening,2026-01-14 20:30:00,F,2026-01-11 12:32:02,2026-01-14 20:30:00,3,18-25
23,ABC24,GNT-VSKP,1,GNT-VSKP-AC-SE/SL-2030,567,0.0,Online,19,Evening,2026-01-13 20:30:00,M,2026-01-13 12:52:16,2026-01-13 21:35:00,0,18-25
24,ABC25,GNT-VSKP,1,GNT-VSKP-AC-SE/SL-2200,620,0.0,Online,33,Overnight,2026-01-13 22:00:00,M,2026-01-13 13:00:13,2026-01-13 22:00:00,0,26-40
25,ABC26,GNT-VSKP,1,GNT-VSKP-AC-SE/SL-2030,599,0.0,PayTM,30,Evening,2026-01-13 20:30:00,M,2026-01-13 12:41:18,2026-01-13 22:00:00,0,26-40
26,ABC27,BN-TP,0,BN-TP-AC-SE-2300,639,543.15,Redbus,27,Overnight,2026-01-15 23:00:00,M,2026-01-12 21:18:52,2026-01-15 23:45:00,3,26-40
27,ABC28,BN-TP,0,BN-TP-AC-SE-2300,639,543.15,Redbus,38,Overnight,2026-01-15 23:00:00,M,2026-01-12 21:18:52,2026-01-15 23:45:00,3,26-40
28,ABC29,GNT-VSKP,1,GNT-VSKP-AC-SE/SL-2030,578,0.0,Abhibus,31,Evening,2026-01-13 20:30:00,M,2026-01-13 13:06:14,2026-01-13 22:15:00,0,26-40
29,ABC30,VJY-HYD,1,VJY-HYD-AC-SE/SL-1000,359,0.0,Redbus,15,Day Service,2026-01-10 10:00:00,M,2026-01-10 07:34:13,2026-01-10 11:30:00,0,1-17
30,ABC31,ELR-HYD,0,ELR-HYD-AC-SE-2100,637,0.0,Redbus,51,Evening,2026-01-12 21:00:00,F,2026-01-10 00:00:26,2026-01-12 21:10:00,2,41-60
31,ABC32,ELR-HYD,0,ELR-HYD-AC-SE-2100,658,0.0,Redbus,56,Evening,2026-01-12 21:00:00,M,2026-01-10 00:00:26,2026-01-12 21:10:00,2,41-60
32,ABC33,PND-CHN,0,PND-CHN-AC-SE-0900,529,899.3,Redbus,24,Early Morning,2026-01-12 09:00:00,F,2026-01-10 17:53:41,2026-01-12 09:15:00,1,18-25
33,ABC34,PND-CHN,0,PND-CHN-AC-SE-0900,529,899.3,Redbus,25,Early Morning,2026-01-12 09:00:00,M,2026-01-10 17:53:41,2026-01-12 09:15:00,1,18-25
34,ABC35,PND-CHN,0,PND-CHN-AC-SE-0900,529,899.3,Redbus,39,Early Morning,2026-01-12 09:00:00,F,2026-01-10 17:53:41,2026-01-12 09:15:00,1,26-40
35,ABC36,PND-CHN,0,PND-CHN-AC-SE-0900,529,899.3,Redbus,25,Early Morning,2026-01-12 09:00:00,M,2026-01-10 17:53:41,2026-01-12 09:15:00,1,18-25
36,ABC37,VSKP-GNT,1,VSKP-GNT-AC-SE/SL-2130,536,0.0,Online,45,Overnight,2026-01-13 21:30:00,M,2026-01-13 13:11:59,2026-01-13 22:10:00,0,41-60
37,ABC38,PND-CHN,0,PND-CHN-AC-SE-0900,594,504.9,Redbus,25,Early Morning,2026-01-12 09:00:00,M,2026-01-10 23:27:14,2026-01-12 09:15:00,1,18-25
38,ABC39,PND-CHN,0,PND-CHN-AC-SE-0900,594,504.9,Redbus,33,Early Morning,2026-01-12 09:00:00,M,2026-01-10 23:27:14,2026-01-12 09:15:00,1,26-40
39,ABC40,HYD-VJY,1,HYD-VJY-AC-SE/SL-2100,1715,0.0,Redbus,42,Evening,2026-01-09 21:00:00,F,2026-01-09 19:16:11,2026-01-09 23:10:00,0,41-60
40,ABC41,PND-CHN,0,PND-CHN-AC-SE-1400,453,385.05,PayTM,36,Day Service,2026-01-16 14:00:00,M,2026-01-13 15:57:49,2026-01-16 14:40:00,2,26-40
41,ABC42,BN-TP,0,BN-TP-AC-SE-2030,662,0.0,Redbus,24,Evening,2026-01-15 20:30:00,M,2026-01-14 20:29:12,2026-01-15 22:40:00,1,18-25
42,ABC43,HYD-VJY,1,HYD-VJY-AC-SE/SL-2100,1452,0.0,Abhibus,24,Evening,2026-01-09 21:00:00,F,2026-01-09 18:57:22,2026-01-09 21:15:00,0,18-25
43,ABC44,HYD-GNT,0,HYD-GNT-AC-SE-2115,1473,0.0,Redbus,20,Overnight,2026-01-10 21:15:00,M,2026-01-10 17:47:56,2026-01-10 22:35:00,0,18-25
44,ABC45,HYD-GNT,0,HYD-GNT-AC-SE-2115,1473,0.0,Redbus,23,Overnight,2026-01-10 21:15:00,M,2026-01-10 17:47:56,2026-01-10 22:35:00,0,18-25
45,ABC46,VJY-HYD,1,VJY-HYD-AC-SE/SL-1000,336,0.0,Abhibus,21,Day Service,2026-01-10 10:00:00,M,2026-01-10 06:51:15,2026-01-10 10:40:00,0,18-25
46,ABC47,HYD-GNT,0,HYD-GNT-AC-SE-2115,1499,0.0,Abhibus,25,Overnight,2026-01-09 21:15:00,F,2026-01-09 19:36:30,2026-01-09 22:05:00,0,18-25
47,ABC48,HYD-GNT,0,HYD-GNT-AC-SE-2115,1373,0.0,Abhibus,28,Overnight,2026-01-09 21:15:00,F,2026-01-09 19:35:43,2026-01-09 22:05:00,0,26-40
48,ABC49,HYD-GNT,0,HYD-GNT-AC-SE-2115,1031,0.0,Redbus,22,Overnight,2026-01-09 21:15:00,M,2026-01-09 19:10:28,2026-01-09 22:30:00,0,18-25
49,ABC50,VJY-HYD,1,VJY-HYD-AC-SE/SL-1000,369,0.0,Abhibus,26,Day Service,2026-01-10 10:00:00,F,2026-01-10 07:37:43,2026-01-10 11:10:00,0,26-40
50,ABC51,CHN-BNG,1,CHN-BNG-AC-SE/SL-1830,561,0.0,Redbus,22,Evening,2026-01-11 18:30:00,M,2026-01-09 18:02:23,2026-01-11 19:05:00,2,18-25
51,ABC52,HYD-ELR,0,HYD-ELR-AC-SE-2230,1264,2463.0,Abhibus,50,Overnight,2026-01-09 22:30:00,F,2026-01-09 17:23:59,2026-01-09 23:10:00,0,41-60
52,ABC53,BN-TP,0,BN-TP-AC-SE-1930,946,946.0,Redbus,43,Evening,2026-01-09 19:30:00,M,2026-01-09 17:23:59,2026-01-09 20:05:00,0,41-60
53,ABC54,CHN-BNG,0,CHN-BNG-AC-SE-1530,323,323.0,Redbus,25,Day Service,2026-01-09 15:30:00,F,2026-01-09 17:24:59,2026-01-09 18:50:00,0,18-25
54,ABC55,TP-BN,0,TP-BN-AC-SE-1600,588,588.0,Redbus,28,Day Service,2026-01-15 16:00:00,M,2026-01-09 17:25:04,2026-01-15 16:00:00,5,26-40
55,ABC56,BNG-CHN,1,BNG-CHN-AC-SE/SL-1730,507,1715.0,Abhibus,15,Evening,2026-01-09 17:30:00,F,2026-01-09 17:25:22,2026-01-09 18:15:00,0,1-17
56,ABC57,BNG-CHN,1,BNG-CHN-AC-SE/SL-1730,604,1715.0,Abhibus,44,Evening,2026-01-09 17:30:00,F,2026-01-09 17:25:22,2026-01-09 18:15:00,0,41-60
57,ABC58,BNG-CHN,1,BNG-CHN-AC-SE/SL-1730,604,1715.0,Abhibus,23,Evening,2026-01-09 17:30:00,M,2026-01-09 17:25:22,2026-01-09 18:15:00,0,18-25
58,ABC59,CHN-BNG,1,CHN-BNG-AC-SE/SL-1730,464,464.0,Online,19,Evening,2026-01-09 17:30:00,M,2026-01-09 17:25:28,2026-01-09 19:35:00,0,18-25
59,ABC60,HYD-VJY,0,HYD-VJY-AC-SE-1600,673,673.0,POS,23,Day Service,2026-01-09 16:00:00,F,2026-01-09 17:25:45,2026-01-09 17:20:00,-1,18-25
60,ABC61,VSKP-GNT,1,VSKP-GNT-AC-SE/SL-2130,599,599.0,Redbus,24,Overnight,2026-01-09 21:30:00,F,2026-01-09 17:26:07,2026-01-09 21:57:00,0,18-25
61,ABC62,GNT-HYD,0,GNT-HYD-AC-SE-2000,420,420.0,Abhibus,26,Evening,2026-01-09 20:00:00,M,2026-01-09 17:26:15,2026-01-09 20:00:00,0,26-40
62,ABC63,ELR-HYD,0,ELR-HYD-AC-SE-2100,485,485.0,Agent,30,Evening,2026-01-09 21:00:00,M,2026-01-09 17:26:24,2026-01-09 23:15:00,0,26-40
63,ABC64,GNT-VSKP,0,GNT-VSKP-AC-SE-1830,1515,1515.0,Abhibus,22,Evening,2026-01-09 18:30:00,M,2026-01-09 17:26:40,2026-01-09 18:30:00,0,18-25
64,ABC65,HYD-VJY,1,HYD-VJY-AC-SE/SL-2100,1483,1483.0,Abhibus,25,Evening,2026-01-13 21:00:00,F,2026-01-09 17:28:26,2026-01-13 21:20:00,4,18-25
65,ABC66,BNG-CHN,0,BNG-CHN-AC-SE-1530,723,723.0,Redbus,26,Day Service,2026-01-10 15:30:00,M,2026-01-09 17:28:49,2026-01-10 16:00:00,0,26-40
66,ABC67,CHN-BNG,1,CHN-BNG-AC-SE/SL-1830,972,972.0,Redbus,30,Evening,2026-01-09 18:30:00,M,2026-01-09 17:29:17,2026-01-09 19:40:00,0,26-40
67,ABC68,BN-TP,0,BN-TP-AC-SE-0530,831,831.0,Redbus,29,Early Morning,2026-01-10 05:30:00,F,2026-01-09 17:29:56,2026-01-10 06:40:00,0,26-40
68,ABC69,CHN-BNG,1,CHN-BNG-AC-SE/SL-1730,464,1392.0,Abhibus,22,Evening,2026-01-09 17:30:00,M,2026-01-09 17:30:01,2026-01-09 20:50:00,0,18-25
69,ABC70,CHN-BNG,1,CHN-BNG-AC-SE/SL-1730,464,1392.0,Abhibus,21,Evening,2026-01-09 17:30:00,M,2026-01-09 17:30:01,2026-01-09 20:50:00,0,18-25
70,ABC71,CHN-BNG,1,CHN-BNG-AC-SE/SL-1730,464,1392.0,Abhibus,22,Evening,2026-01-09 17:30:00,M,2026-01-09 17:30:01,2026-01-09 20:50:00,0,18-25
71,ABC72,HYD-VJY,0,HYD-VJY-AC-SE-0400E,978,978.0,Abhibus,20,Overnight,2026-01-10 04:00:00,M,2026-01-09 17:30:21,2026-01-10 05:55:00,0,18-25
72,ABC73,VSKP-GNT,0,VSKP-GNT-AC-SE-2030,420,420.0,Redbus,18,Evening,2026-01-09 20:30:00,M,2026-01-09 17:30:26,2026-01-09 20:30:00,0,18-25
73,ABC74,TP-BN,0,TP-BN-AC-SE-0530,483,483.0,Online,25,Early Morning,2026-01-11 05:30:00,M,2026-01-09 17:30:45,2026-01-11 05:30:00,1,18-25
74,ABC75,HYD-GNT,0,HYD-GNT-AC-SE-0300,1115,1115.0,Abhibus,36,Overnight,2026-01-10 03:00:00,M,2026-01-09 17:31:07,2026-01-10 04:35:00,0,26-40
75,ABC76,GNT-HYD,0,GNT-HYD-AC-SE-2215,489,988.0,Abhibus,21,Overnight,2026-01-10 22:15:00,M,2026-01-09 17:31:22,2026-01-10 22:15:00,1,18-25
76,ABC77,GNT-HYD,0,GNT-HYD-AC-SE-2215,499,988.0,Abhibus,53,Overnight,2026-01-10 22:15:00,M,2026-01-09 17:31:22,2026-01-10 22:15:00,1,41-60
77,ABC78,CHN-BNG,1,CHN-BNG-AC-SE/SL-1930,2291,2291.0,Redbus,28,Evening,2026-01-13 19:30:00,M,2026-01-09 17:31:34,2026-01-13 22:05:00,4,26-40
78,ABC79,BNG-CHN,1,BNG-CHN-AC-SE/SL-1730,583,583.0,Abhibus,48,Evening,2026-01-09 17:30:00,M,2026-01-09 17:31:40,2026-01-09 20:45:00,0,41-60
79,ABC80,TP-BN,0,TP-BN-AC-SE-1115,483,483.0,Abhibus,16,Day Service,2026-01-11 11:15:00,M,2026-01-09 17:32:04,2026-01-11 11:15:00,1,1-17
80,ABC81,BN-TP,0,BN-TP-AC-SE-0600,852,852.0,Online,30,Early Morning,2026-01-10 06:00:00,F,2026-01-09 17:33:15,2026-01-10 06:50:00,0,26-40
81,ABC82,CHN-BNG,1,CHN-BNG-AC-SE/SL-2200,594,594.0,Redbus,19,Overnight,2026-01-09 22:00:00,F,2026-01-09 17:33:19,2026-01-09 22:00:00,0,18-25
82,ABC83,BN-TP,0,BN-TP-AC-SE-2300,841,1766.0,Redbus,33,Overnight,2026-01-09 23:00:00,M,2026-01-09 17:33:25,2026-01-10 00:25:00,0,26-40
83,ABC84,BN-TP,0,BN-TP-AC-SE-2300,925,1766.0,Redbus,33,Overnight,2026-01-09 23:00:00,F,2026-01-09 17:33:25,2026-01-10 00:25:00,0,26-40
84,ABC85,CHN-PND,0,CHN-PND-AC-SE-2000,475,982.0,Abhibus,26,Evening,2026-01-09 20:00:00,F,2026-01-09 17:33:28,2026-01-09 20:25:00,0,26-40
85,ABC86,CHN-PND,0,CHN-PND-AC-SE-2000,507,982.0,Abhibus,30,Evening,2026-01-09 20:00:00,M,2026-01-09 17:33:28,2026-01-09 20:25:00,0,26-40
86,ABC87,GNT-HYD,0,GNT-HYD-AC-SE-2000,349,349.0,Redbus,47,Evening,2026-01-09 20:00:00,M,2026-01-09 17:33:57,2026-01-09 21:33:00,0,41-60
87,ABC88,CHN-BNG,1,CHN-BNG-AC-SE/SL-1830,518,518.0,Abhibus,24,Evening,2026-01-09 18:30:00,M,2026-01-09 17:34:07,2026-01-09 19:05:00,0,18-25
88,ABC89,HYD-VJY,0,HYD-VJY-AC-SE-0400E,1188,1188.0,Online,23,Overnight,2026-01-10 04:00:00,M,2026-01-09 17:34:19,2026-01-10 04:05:00,0,18-25
89,ABC90,CHN-BNG,1,CHN-BNG-AC-SE/SL-2100,539,539.0,Redbus,44,Evening,2026-01-09 21:00:00,F,2026-01-09 17:34:29,2026-01-09 22:05:00,0,41-60
90,ABC91,CHN-PND,0,CHN-PND-AC-SE-0900,518,518.0,Redbus,24,Early Morning,2026-01-13 09:00:00,M,2026-01-09 17:34:46,2026-01-13 09:00:00,3,18-25
91,ABC92,TP-BN,0,TP-BN-AC-SE-2030,349,349.0,Redbus,27,Evening,2026-01-09 20:30:00,M,2026-01-09 17:34:49,2026-01-09 20:30:00,0,26-40
92,ABC93,CHN-BNG,1,CHN-BNG-AC-SE/SL-1830,529,529.0,Abhibus,30,Evening,2026-01-09 18:30:00,M,2026-01-09 17:34:50,2026-01-09 20:05:00,0,26-40
93,ABC94,VSKP-GNT,1,VSKP-GNT-AC-SE/SL-2300,1009,1009.0,PayTM,19,Overnight,2026-01-09 23:00:00,M,2026-01-09 17:34:51,2026-01-09 23:05:00,0,18-25
94,ABC95,BN-TP,0,BN-TP-AC-SE-0700,788,1619.0,Redbus,27,Early Morning,2026-01-10 07:00:00,M,2026-01-09 17:34:55,2026-01-10 07:45:00,0,26-40
95,ABC96,BN-TP,0,BN-TP-AC-SE-0700,831,1619.0,Redbus,47,Early Morning,2026-01-10 07:00:00,M,2026-01-09 17:34:55,2026-01-10 07:45:00,0,41-60
96,ABC97,HYD-VJY,0,HYD-VJY-AC-SE-0845,1557,3188.0,Redbus,75,Early Morning,2026-01-10 08:45:00,F,2026-01-09 17:35:36,2026-01-10 10:10:00,0,60+
97,ABC98,HYD-VJY,0,HYD-VJY-AC-SE-0845,1631,3188.0,Redbus,46,Early Morning,2026-01-10 08:45:00,F,2026-01-09 17:35:36,2026-01-10 10:10:00,0,41-60
98,ABC99,CHN-BNG,0,CHN-BNG-AC-SE-1530,323,646.0,Redbus,20,Day Service,2026-01-09 15:30:00,M,2026-01-09 17:35:47,2026-01-09 20:50:00,0,18-25
99,ABC100,CHN-BNG,0,CHN-BNG-AC-SE-1530,323,646.0,Redbus,48,Day Service,2026-01-09 15:30:00,F,2026-01-09 17:35:47,2026-01-09 20:50:00,0,41-60
100,ABC101,VSKP-GNT,1,VSKP-GNT-AC-SE/SL-2300,578,578.0,Online,18,Overnight,2026-01-09 23:00:00,M,2026-01-09 17:36:10,2026-01-09 23:12:00,0,18-25
101,ABC102,CHN-BNG,1,CHN-BNG-AC-SE/SL-1830,550,550.0,Redbus,45,Evening,2026-01-09 18:30:00,M,2026-01-09 17:36:28,2026-01-09 20:45:00,0,41-60
102,ABC103,CHN-PND,0,CHN-PND-AC-SE-0900,561,1155.0,Redbus,50,Early Morning,2026-01-11 09:00:00,F,2026-01-09 17:36:52,2026-01-11 09:35:00,1,41-60
103,ABC104,CHN-PND,0,CHN-PND-AC-SE-0900,594,1155.0,Redbus,55,Early Morning,2026-01-11 09:00:00,F,2026-01-09 17:36:52,2026-01-11 09:35:00,1,41-60
104,ABC105,TP-BN,0,TP-BN-AC-SE-2250,420,420.0,Redbus,48,Overnight,2026-01-10 22:50:00,F,2026-01-09 17:36:53,2026-01-10 22:50:00,1,41-60
105,ABC106,BNG-CHN,1,BNG-CHN-AC-SE/SL-2200,691,691.0,Abhibus,54,Overnight,2026-01-09 22:00:00,F,2026-01-09 17:37:07,2026-01-09 22:25:00,0,41-60
106,ABC107,HYD-GNT,0,HYD-GNT-AC-SE-2300,1241,1241.0,Redbus,32,Overnight,2026-01-09 23:00:00,M,2026-01-09 17:37:50,2026-01-09 23:00:00,0,26-40
107,ABC108,HYD-GNT,0,HYD-GNT-AC-SE-1500,794,794.0,Agent,31,Day Service,2026-01-09 15:00:00,M,2026-01-09 17:38:00,2026-01-09 18:50:00,0,26-40
108,ABC109,GNT-HYD,0,GNT-HYD-AC-SE-1615,359,728.0,Redbus,21,Evening,2026-01-10 16:15:00,M,2026-01-09 17:38:19,2026-01-10 17:55:00,1,18-25
109,ABC110,GNT-HYD,0,GNT-HYD-AC-SE-1615,369,728.0,Redbus,20,Evening,2026-01-10 16:15:00,M,2026-01-09 17:38:19,2026-01-10 17:55:00,1,18-25
110,ABC111,BN-TP,0,BN-TP-AC-SE-2130,925,925.0,Abhibus,23,Overnight,2026-01-09 21:30:00,M,2026-01-09 17:38:20,2026-01-09 22:40:00,0,18-25
111,ABC112,TP-BN,0,TP-BN-AC-SE-0700,329,678.0,Redbus,70,Early Morning,2026-01-10 07:00:00,F,2026-01-09 17:38:37,2026-01-10 07:00:00,0,60+
112,ABC113,TP-BN,0,TP-BN-AC-SE-0700,349,678.0,Redbus,73,Early Morning,2026-01-10 07:00:00,M,2026-01-09 17:38:37,2026-01-10 07:00:00,0,60+
113,ABC114,GNT-VSKP,0,GNT-VSKP-AC-SE-1930,1494,1494.0,Redbus,47,Evening,2026-01-09 19:30:00,M,2026-01-09 17:39:41,2026-01-09 21:35:00,0,41-60
114,ABC115,CHN-PND,0,CHN-PND-AC-SE-0500,626,626.0,Redbus,36,Overnight,2026-01-10 05:00:00,M,2026-01-09 17:39:46,2026-01-10 06:20:00,0,26-40
115,ABC116,CHN-BNG,1,CHN-BNG-AC-SE/SL-1730,464,464.0,Abhibus,21,Evening,2026-01-09 17:30:00,M,2026-01-09 17:39:46,2026-01-09 20:50:00,0,18-25
116,ABC117,HYD-GNT,0,HYD-GNT-AC-SE-2045,1157,3523.0,Online,55,Evening,2026-01-09 20:45:00,F,2026-01-09 17:39:49,2026-01-09 20:45:00,0,41-60
117,ABC118,HYD-GNT,0,HYD-GNT-AC-SE-2045,1157,3523.0,Online,41,Evening,2026-01-09 20:45:00,M,2026-01-09 17:39:49,2026-01-09 20:45:00,0,41-60
118,ABC119,HYD-GNT,0,HYD-GNT-AC-SE-2045,1209,3523.0,Online,35,Evening,2026-01-09 20:45:00,F,2026-01-09 17:39:49,2026-01-09 20:45:00,0,26-40
119,ABC120,VJY-VSKP,1,VJY-VSKP-AC-SE/SL-0900,2146,2146.0,Redbus,41,Early Morning,2026-01-11 09:00:00,M,2026-01-09 17:39:55,2026-01-11 09:50:00,1,41-60
120,ABC121,ELR-HYD,0,ELR-HYD-AC-SE-2100,369,369.0,Abhibus,47,Evening,2026-01-10 21:00:00,M,2026-01-09 17:40:01,2026-01-10 23:25:00,1,41-60
121,ABC122,CHN-PND,0,CHN-PND-AC-SE-0900,756,756.0,Redbus,53,Early Morning,2026-01-10 09:00:00,M,2026-01-09 17:40:14,2026-01-10 09:25:00,0,41-60
122,ABC123,TP-BN,0,TP-BN-AC-SE-2030,515,1051.0,Abhibus,28,Evening,2026-01-15 20:30:00,F,2026-01-09 17:40:20,2026-01-15 22:15:00,6,26-40
123,ABC124,TP-BN,0,TP-BN-AC-SE-2030,536,1051.0,Abhibus,30,Evening,2026-01-15 20:30:00,M,2026-01-09 17:40:20,2026-01-15 22:15:00,6,26-40
124,ABC125,CHN-BNG,1,CHN-BNG-AC-SE/SL-1930,1307,1307.0,Redbus,24,Evening,2026-01-10 19:30:00,M,2026-01-09 17:40:30,2026-01-10 22:50:00,1,18-25
125,ABC126,BNG-CHN,1,BNG-CHN-AC-SE/SL-1730,885,885.0,Redbus,30,Evening,2026-01-09 17:30:00,M,2026-01-09 17:40:50,2026-01-09 18:30:00,0,26-40
126,ABC127,BNG-CHN,1,BNG-CHN-AC-SE/SL-1830,1080,1080.0,Redbus,22,Evening,2026-01-09 18:30:00,F,2026-01-09 17:40:56,2026-01-09 20:00:00,0,18-25
127,ABC128,CHN-BNG,1,CHN-BNG-AC-SE/SL-2100,507,507.0,Redbus,20,Evening,2026-01-09 21:00:00,M,2026-01-09 17:41:05,2026-01-09 21:30:00,0,18-25
128,ABC129,GNT-HYD,0,GNT-HYD-AC-SE-2215,459,459.0,Abhibus,30,Overnight,2026-01-09 22:15:00,M,2026-01-09 17:41:15,2026-01-09 22:25:00,0,26-40
129,ABC130,VSKP-GNT,0,VSKP-GNT-AC-SE-1930,641,641.0,Redbus,53,Evening,2026-01-09 19:30:00,M,2026-01-09 17:41:35,2026-01-09 20:15:00,0,41-60
130,ABC131,GNT-VSKP,0,GNT-VSKP-AC-SE-1930,1420,1420.0,Agent,11,Evening,2026-01-09 19:30:00,F,2026-01-09 17:42:01,2026-01-09 22:45:00,0,1-17
131,ABC132,GNT-HYD,0,GNT-HYD-AC-SE-1700,389,799.0,Redbus,38,Evening,2026-01-09 17:00:00,F,2026-01-09 17:42:23,2026-01-09 19:00:00,0,26-40
132,ABC133,GNT-HYD,0,GNT-HYD-AC-SE-1700,410,799.0,Redbus,15,Evening,2026-01-09 17:00:00,M,2026-01-09 17:42:23,2026-01-09 19:00:00,0,1-17
133,ABC134,HYD-VJY,0,HYD-VJY-AC-SE-1600,757,1545.0,Abhibus,18,Day Service,2026-01-09 16:00:00,M,2026-01-09 17:42:58,2026-01-09 19:50:00,0,18-25
134,ABC135,HYD-VJY,0,HYD-VJY-AC-SE-1600,788,1545.0,Abhibus,22,Day Service,2026-01-09 16:00:00,F,2026-01-09 17:42:58,2026-01-09 19:50:00,0,18-25
135,ABC136,CHN-BNG,1,CHN-BNG-AC-SE/SL-2100,539,539.0,Redbus,25,Evening,2026-01-09 21:00:00,M,2026-01-09 17:43:27,2026-01-09 22:25:00,0,18-25
136,ABC137,CHN-BNG,1,CHN-BNG-AC-SE/SL-2100,1026,1026.0,Redbus,34,Evening,2026-01-09 21:00:00,M,2026-01-09 17:43:35,2026-01-09 21:30:00,0,26-40
137,ABC138,BN-TP,0,BN-TP-AC-SE-2130,925,925.0,PayTM,26,Overnight,2026-01-09 21:30:00,M,2026-01-09 17:44:48,2026-01-09 23:25:00,0,26-40
138,ABC139,VSKP-GNT,0,VSKP-GNT-AC-SE-2030,525,2184.0,Online,11,Evening,2026-01-09 20:30:00,M,2026-01-09 17:45:01,2026-01-09 20:52:00,0,1-17
139,ABC140,VSKP-GNT,0,VSKP-GNT-AC-SE-2030,525,2184.0,Online,29,Evening,2026-01-09 20:30:00,F,2026-01-09 17:45:01,2026-01-09 20:52:00,0,26-40
140,ABC141,VSKP-GNT,0,VSKP-GNT-AC-SE-2030,567,2184.0,Online,9,Evening,2026-01-09 20:30:00,F,2026-01-09 17:45:01,2026-01-09 20:52:00,0,1-17
141,ABC142,VSKP-GNT,0,VSKP-GNT-AC-SE-2030,567,2184.0,Online,35,Evening,2026-01-09 20:30:00,M,2026-01-09 17:45:01,2026-01-09 20:52:00,0,26-40
142,ABC143,VSKP-GNT,0,VSKP-GNT-AC-SE-1930,809,809.0,Redbus,20,Evening,2026-01-10 19:30:00,M,2026-01-09 17:45:09,2026-01-10 19:57:00,1,18-25
143,ABC144,CHN-BNG,1,CHN-BNG-AC-SE/SL-1830,550,550.0,Redbus,27,Evening,2026-01-09 18:30:00,M,2026-01-09 17:45:41,2026-01-09 19:30:00,0,26-40
144,ABC145,HYD-GNT,0,HYD-GNT-AC-SE-2300,1199,2451.0,Redbus,80,Overnight,2026-01-09 23:00:00,M,2026-01-09 17:45:45,2026-01-09 23:15:00,0,60+
145,ABC146,HYD-GNT,0,HYD-GNT-AC-SE-2300,1252,2451.0,Redbus,70,Overnight,2026-01-09 23:00:00,F,2026-01-09 17:45:45,2026-01-09 23:15:00,0,60+
146,ABC147,BN-TP,0,BN-TP-AC-SE-1930,1009,1009.0,Abhibus,22,Evening,2026-01-12 19:30:00,F,2026-01-09 17:45:45,2026-01-12 21:40:00,3,18-25
147,ABC148,VSKP-GNT,0,VSKP-GNT-AC-SE-2030,788,788.0,Redbus,27,Evening,2026-01-10 20:30:00,F,2026-01-09 17:45:50,2026-01-10 22:08:00,1,26-40
148,ABC149,HYD-GNT,0,HYD-GNT-AC-SE-1500,925,925.0,Abhibus,41,Day Service,2026-01-09 15:00:00,M,2026-01-09 17:46:13,2026-01-09 18:50:00,0,41-60
149,ABC150,VSKP-VJY,1,VSKP-VJY-AC-SE/SL-0900,431,862.0,Abhibus,9,Early Morning,2026-01-10 09:00:00,M,2026-01-09 17:46:26,2026-01-10 10:10:00,0,1-17
150,ABC151,VSKP-VJY,1,VSKP-VJY-AC-SE/SL-0900,431,862.0,Abhibus,27,Early Morning,2026-01-10 09:00:00,F,2026-01-09 17:46:26,2026-01-10 10:10:00,0,26-40
151,ABC152,BN-TP,0,BN-TP-AC-SE-2300,757,757.0,Abhibus,28,Overnight,2026-01-09 23:00:00,F,2026-01-09 17:46:47,2026-01-09 23:45:00,0,26-40
152,ABC153,GNT-VSKP,0,GNT-VSKP-AC-SE-1830,1441,1441.0,Abhibus,31,Evening,2026-01-09 18:30:00,M,2026-01-09 17:46:52,2026-01-09 19:40:00,0,26-40
153,ABC154,GNT-VSKP,0,GNT-VSKP-AC-SE-1930,1409,1409.0,Redbus,22,Evening,2026-01-09 19:30:00,M,2026-01-09 17:47:05,2026-01-09 21:00:00,0,18-25
154,ABC155,VSKP-VJY,1,VSKP-VJY-AC-SE/SL-0900,209,418.0,POS,53,Early Morning,2026-01-09 09:00:00,F,2026-01-09 17:47:19,2026-01-09 16:50:00,-1,41-60
155,ABC156,VSKP-VJY,1,VSKP-VJY-AC-SE/SL-0900,209,418.0,POS,40,Early Morning,2026-01-09 09:00:00,F,2026-01-09 17:47:19,2026-01-09 16:50:00,-1,26-40
156,ABC157,HYD-GNT,0,HYD-GNT-AC-SE-1500,925,925.0,Agent,30,Day Service,2026-01-09 15:00:00,M,2026-01-09 17:47:36,2026-01-09 18:50:00,0,26-40
157,ABC158,BN-TP,0,BN-TP-AC-SE-1930,936,936.0,Redbus,28,Evening,2026-01-09 19:30:00,M,2026-01-09 17:48:12,2026-01-09 19:55:00,0,26-40
158,ABC159,BN-TP,0,BN-TP-AC-SE-1930,725,725.0,Redbus,31,Evening,2026-01-09 19:30:00,M,2026-01-09 17:48:13,2026-01-09 21:20:00,0,26-40
159,ABC160,VSKP-GNT,0,VSKP-GNT-AC-SE-2030,441,441.0,Abhibus,18,Evening,2026-01-09 20:30:00,M,2026-01-09 17:48:45,2026-01-09 20:42:00,0,18-25
160,ABC161,BNG-ERD,0,BNG-ERD-AC-SE-2030,594,1188.0,Redbus,27,Evening,2026-01-09 20:30:00,M,2026-01-09 17:48:45,2026-01-09 21:40:00,0,26-40
161,ABC162,BNG-ERD,0,BNG-ERD-AC-SE-2030,594,1188.0,Redbus,26,Evening,2026-01-09 20:30:00,F,2026-01-09 17:48:45,2026-01-09 21:40:00,0,26-40
162,ABC163,GNT-VSKP,0,GNT-VSKP-AC-SE-1300,1809,1809.0,Redbus,26,Day Service,2026-01-10 13:00:00,F,2026-01-09 17:49:08,2026-01-10 14:40:00,0,26-40
163,ABC164,BN-TP,0,BN-TP-AC-SE-2300,631,631.0,PayTM,30,Overnight,2026-01-09 23:00:00,M,2026-01-09 17:49:24,2026-01-10 00:50:00,0,26-40
164,ABC165,GNT-HYD,0,GNT-HYD-AC-SE-2215,309,309.0,Redbus,19,Overnight,2026-01-10 22:15:00,M,2026-01-09 17:50:24,2026-01-10 23:30:00,1,18-25
165,ABC166,TP-BN,0,TP-BN-AC-SE-2030,349,349.0,PayTM,29,Evening,2026-01-09 20:30:00,M,2026-01-09 17:50:39,2026-01-09 20:30:00,0,26-40
166,ABC167,VSKP-GNT,1,VSKP-GNT-AC-SE/SL-2130,1367,1367.0,Redbus,38,Overnight,2026-01-11 21:30:00,M,2026-01-09 17:50:49,2026-01-11 21:52:00,2,26-40
167,ABC168,ELR-HYD,0,ELR-HYD-AC-SE-2000,369,369.0,Redbus,20,Evening,2026-01-11 20:00:00,M,2026-01-09 17:51:14,2026-01-11 21:55:00,2,18-25
168,ABC169,HYD-VJY,0,HYD-VJY-AC-SE-1600,873,873.0,Abhibus,22,Day Service,2026-01-09 16:00:00,M,2026-01-09 17:51:17,2026-01-09 19:50:00,0,18-25
169,ABC170,CHN-BNG,1,CHN-BNG-AC-SE/SL-1930,929,929.0,Redbus,23,Evening,2026-01-09 19:30:00,M,2026-01-09 17:51:41,2026-01-09 20:20:00,0,18-25
170,ABC171,VSKP-VJY,1,VSKP-VJY-AC-SE/SL-1030,209,209.0,POS,23,Day Service,2026-01-09 10:30:00,M,2026-01-09 17:51:47,2026-01-09 18:00:00,0,18-25
171,ABC172,CHN-BNG,1,CHN-BNG-AC-SE/SL-2100,1080,1080.0,Abhibus,34,Evening,2026-01-09 21:00:00,M,2026-01-09 17:52:14,2026-01-09 23:20:00,0,26-40
172,ABC173,HYD-GNT,0,HYD-GNT-AC-SE-2115,1062,3607.0,Redbus,40,Overnight,2026-01-09 21:15:00,F,2026-01-09 17:52:29,2026-01-09 22:00:00,0,26-40
173,ABC174,HYD-GNT,0,HYD-GNT-AC-SE-2115,1241,3607.0,Redbus,12,Overnight,2026-01-09 21:15:00,M,2026-01-09 17:52:29,2026-01-09 22:00:00,0,1-17
174,ABC175,HYD-GNT,0,HYD-GNT-AC-SE-2115,1304,3607.0,Redbus,11,Overnight,2026-01-09 21:15:00,F,2026-01-09 17:52:29,2026-01-09 22:00:00,0,1-17
175,ABC176,GNT-HYD,0,GNT-HYD-AC-SE-1500,578,1187.0,POS,25,Day Service,2026-01-10 15:00:00,F,2026-01-09 17:52:45,2026-01-10 16:40:00,0,18-25
176,ABC177,GNT-HYD,0,GNT-HYD-AC-SE-1500,609,1187.0,POS,25,Day Service,2026-01-10 15:00:00,F,2026-01-09 17:52:45,2026-01-10 16:40:00,0,18-25
177,ABC178,TP-BN,0,TP-BN-AC-SE-2250,329,329.0,Redbus,26,Overnight,2026-01-09 22:50:00,M,2026-01-09 17:52:47,2026-01-09 23:15:00,0,26-40
178,ABC179,GNT-HYD,0,GNT-HYD-AC-SE-1700,410,410.0,Abhibus,23,Evening,2026-01-09 17:00:00,F,2026-01-09 17:52:50,2026-01-09 18:40:00,0,18-25
179,ABC180,CHN-BNG,1,CHN-BNG-AC-SE/SL-2100,518,518.0,Redbus,21,Evening,2026-01-09 21:00:00,M,2026-01-09 17:52:59,2026-01-09 22:05:00,0,18-25
180,ABC181,BNG-CHN,1,BNG-CHN-AC-SE/SL-2200,1296,1296.0,Redbus,28,Overnight,2026-01-09 22:00:00,M,2026-01-09 17:53:39,2026-01-09 23:55:00,0,26-40
181,ABC182,GNT-HYD,0,GNT-HYD-AC-SE-2215,379,379.0,Abhibus,35,Overnight,2026-01-09 22:15:00,M,2026-01-09 17:54:20,2026-01-10 00:00:00,0,26-40
182,ABC183,HYD-GNT,0,HYD-GNT-AC-SE-2300,1315,2682.0,Redbus,46,Overnight,2026-01-09 23:00:00,M,2026-01-09 17:54:39,2026-01-10 00:35:00,0,41-60
183,ABC184,HYD-GNT,0,HYD-GNT-AC-SE-2300,1367,2682.0,Redbus,43,Overnight,2026-01-09 23:00:00,M,2026-01-09 17:54:39,2026-01-10 00:35:00,0,41-60
184,ABC185,BNG-CHN,1,BNG-CHN-AC-SE/SL-0730,1058,1058.0,Redbus,35,Early Morning,2026-01-10 07:30:00,M,2026-01-09 17:54:55,2026-01-10 09:15:00,0,26-40
185,ABC186,TP-BN,0,TP-BN-AC-SE-1400,357,357.0,Online,21,Day Service,2026-01-10 14:00:00,M,2026-01-09 17:54:58,2026-01-10 14:00:00,0,18-25
186,ABC187,GNT-HYD,0,GNT-HYD-AC-SE-2000,359,359.0,Redbus,31,Evening,2026-01-09 20:00:00,M,2026-01-09 17:55:46,2026-01-09 21:50:00,0,26-40
187,ABC188,GNT-HYD,0,GNT-HYD-AC-SE-1700,431,884.0,Redbus,29,Evening,2026-01-09 17:00:00,M,2026-01-09 17:56:08,2026-01-09 18:40:00,0,26-40
188,ABC189,GNT-HYD,0,GNT-HYD-AC-SE-1700,453,884.0,Redbus,26,Evening,2026-01-09 17:00:00,M,2026-01-09 17:56:08,2026-01-09 18:40:00,0,26-40
189,ABC190,GNT-VSKP,0,GNT-VSKP-AC-SE-1830,1157,1157.0,Online,28,Evening,2026-01-09 18:30:00,M,2026-01-09 17:56:36,2026-01-09 19:40:00,0,26-40
190,ABC191,CHN-BNG,1,CHN-BNG-AC-SE/SL-1930,539,539.0,Redbus,29,Evening,2026-01-09 19:30:00,M,2026-01-09 17:56:41,2026-01-09 19:55:00,0,26-40
191,ABC192,BNG-CHN,1,BNG-CHN-AC-SE/SL-1730,961,961.0,Redbus,37,Evening,2026-01-09 17:30:00,M,2026-01-09 17:57:31,2026-01-09 18:30:00,0,26-40
192,ABC193,BN-TP,0,BN-TP-AC-SE-2130,725,725.0,Redbus,18,Overnight,2026-01-09 21:30:00,M,2026-01-09 17:57:45,2026-01-09 21:50:00,0,18-25
193,ABC194,ELR-HYD,0,ELR-HYD-AC-SE-2000,561,561.0,Redbus,29,Evening,2026-01-09 20:00:00,M,2026-01-09 17:57:55,2026-01-09 20:20:00,0,26-40
194,ABC195,HYD-GNT,0,HYD-GNT-AC-SE-1500,1104,1104.0,Redbus,21,Day Service,2026-01-09 15:00:00,M,2026-01-09 17:58:39,2026-01-09 18:50:00,0,18-25
195,ABC196,CHN-BNG,1,CHN-BNG-AC-SE/SL-2100,1080,1080.0,Abhibus,32,Evening,2026-01-11 21:00:00,M,2026-01-09 17:59:04,2026-01-11 23:20:00,2,26-40
196,ABC197,CHN-BNG,1,CHN-BNG-AC-SE/SL-1930,550,550.0,PayTM,24,Evening,2026-01-09 19:30:00,M,2026-01-09 17:59:04,2026-01-09 19:55:00,0,18-25
197,ABC198,VJY-VSKP,1,VJY-VSKP-AC-SE/SL-0900,2146,2146.0,Redbus,19,Early Morning,2026-01-11 09:00:00,F,2026-01-09 17:59:37,2026-01-11 09:50:00,1,18-25
198,ABC199,CHN-BNG,1,CHN-BNG-AC-SE/SL-1830,539,539.0,Abhibus,18,Evening,2026-01-09 18:30:00,M,2026-01-09 17:59:41,2026-01-09 21:25:00,0,18-25
199,ABC200,CHN-BNG,0,CHN-BNG-AC-SE-1530,377,377.0,Redbus,35,Day Service,2026-01-09 15:30:00,M,2026-01-09 17:59:46,2026-01-09 20:50:00,0,26-40
200,ABC201,BN-TP,0,BN-TP-AC-SE-2130,820,820.0,Redbus,22,Overnight,2026-01-09 21:30:00,M,2026-01-09 17:59:55,2026-01-09 23:25:00,0,18-25
201,ABC202,HYD-VJY,0,HYD-VJY-AC-SE-1600,873,3576.0,Abhibus,18,Day Service,2026-01-09 16:00:00,M,2026-01-09 17:59:57,2026-01-09 19:50:00,0,18-25
202,ABC203,HYD-VJY,0,HYD-VJY-AC-SE-1600,873,3576.0,Abhibus,18,Day Service,2026-01-09 16:00:00,M,2026-01-09 17:59:57,2026-01-09 19:50:00,0,18-25
203,ABC204,HYD-VJY,0,HYD-VJY-AC-SE-1600,915,3576.0,Abhibus,18,Day Service,2026-01-09 16:00:00,M,2026-01-09 17:59:57,2026-01-09 19:50:00,0,18-25
204,ABC205,HYD-VJY,0,HYD-VJY-AC-SE-1600,915,3576.0,Abhibus,18,Day Service,2026-01-09 16:00:00,M,2026-01-09 17:59:57,2026-01-09 19:50:00,0,18-25
205,ABC206,BNG-CHN,1,BNG-CHN-AC-SE/SL-1830,626,626.0,Abhibus,27,Evening,2026-01-09 18:30:00,M,2026-01-09 17:59:57,2026-01-09 20:15:00,0,26-40
206,ABC207,VJY-HYD,0,VJY-HYD-AC-SE-0800,462,462.0,Abhibus,18,Early Morning,2026-01-11 08:00:00,F,2026-01-09 18:00:15,2026-01-11 09:00:00,1,18-25
207,ABC208,GNT-HYD,0,GNT-HYD-AC-SE-2215,359,359.0,Abhibus,25,Overnight,2026-01-09 22:15:00,M,2026-01-09 18:00:32,2026-01-09 23:00:00,0,18-25
208,ABC209,BN-TP,0,BN-TP-AC-SE-1930,946,946.0,Redbus,26,Evening,2026-01-09 19:30:00,F,2026-01-09 18:00:52,2026-01-09 21:30:00,0,26-40
209,ABC210,TP-BN,0,TP-BN-AC-SE-2250,557,557.0,Online,30,Overnight,2026-01-15 22:50:00,M,2026-01-09 18:00:53,2026-01-15 22:50:00,6,26-40
210,ABC211,ERD-BNG,0,ERD-BNG-AC-SE-2100,356,356.0,Redbus,30,Evening,2026-01-09 21:00:00,M,2026-01-09 18:00:54,2026-01-09 21:10:00,0,26-40
211,ABC212,BNG-CHN,0,BNG-CHN-AC-SE-1530,972,972.0,Redbus,21,Day Service,2026-01-14 15:30:00,F,2026-01-09 18:01:13,2026-01-14 17:35:00,4,18-25
212,ABC213,BNG-CHN,1,BNG-CHN-AC-SE/SL-1830,1188,1188.0,Redbus,28,Evening,2026-01-09 18:30:00,F,2026-01-09 18:01:20,2026-01-09 18:50:00,0,26-40
213,ABC214,CHN-BNG,1,CHN-BNG-AC-SE/SL-2100,1080,1080.0,Abhibus,32,Evening,2026-01-11 21:00:00,M,2026-01-09 18:01:28,2026-01-11 23:20:00,2,26-40
214,ABC215,BNG-ERD,0,BNG-ERD-AC-SE-0800,485,485.0,Redbus,26,Early Morning,2026-01-10 08:00:00,M,2026-01-09 18:02:10,2026-01-10 10:10:00,0,26-40
215,ABC216,CHN-BNG,1,CHN-BNG-AC-SE/SL-0630,464,464.0,Redbus,21,Early Morning,2026-01-10 06:30:00,M,2026-01-09 18:03:43,2026-01-10 09:00:00,0,18-25
216,ABC217,HYD-ELR,0,HYD-ELR-AC-SE-2130,907,907.0,Abhibus,22,Overnight,2026-01-09 21:30:00,M,2026-01-09 18:04:23,2026-01-09 22:35:00,0,18-25
217,ABC218,BNG-CHN,1,BNG-CHN-AC-SE/SL-0630,529,529.0,Redbus,23,Early Morning,2026-01-10 06:30:00,F,2026-01-09 18:04:32,2026-01-10 07:00:00,0,18-25
218,ABC219,VJY-HYD,0,VJY-HYD-AC-SE-0900,315,640.0,Redbus,47,Early Morning,2026-01-10 09:00:00,F,2026-01-09 18:05:00,2026-01-10 09:40:00,0,41-60
219,ABC220,VJY-HYD,0,VJY-HYD-AC-SE-0900,325,640.0,Redbus,10,Early Morning,2026-01-10 09:00:00,M,2026-01-09 18:05:00,2026-01-10 09:40:00,0,1-17
220,ABC221,BNG-CHN,1,BNG-CHN-AC-SE/SL-1830,604,1230.0,Abhibus,68,Evening,2026-01-09 18:30:00,M,2026-01-09 18:05:12,2026-01-09 18:50:00,0,60+
221,ABC222,BNG-CHN,1,BNG-CHN-AC-SE/SL-1830,626,1230.0,Abhibus,47,Evening,2026-01-09 18:30:00,M,2026-01-09 18:05:12,2026-01-09 18:50:00,0,41-60
222,ABC223,BN-TP,0,BN-TP-AC-SE-0600,799,1640.0,Redbus,47,Early Morning,2026-01-10 06:00:00,M,2026-01-09 18:05:20,2026-01-10 07:00:00,0,41-60
223,ABC224,BN-TP,0,BN-TP-AC-SE-0600,841,1640.0,Redbus,40,Early Morning,2026-01-10 06:00:00,M,2026-01-09 18:05:20,2026-01-10 07:00:00,0,26-40
224,ABC225,BN-TP,0,BN-TP-AC-SE-2030,915,1872.0,Redbus,31,Evening,2026-01-09 20:30:00,M,2026-01-09 18:05:21,2026-01-09 22:45:00,0,26-40
225,ABC226,BN-TP,0,BN-TP-AC-SE-2030,915,1872.0,Redbus,31,Evening,2026-01-09 20:30:00,M,2026-01-09 18:05:21,2026-01-09 22:45:00,0,26-40
226,ABC227,BN-TP,0,BN-TP-AC-SE-2030,957,1872.0,Redbus,27,Evening,2026-01-09 20:30:00,M,2026-01-09 18:05:21,2026-01-09 22:45:00,0,26-40
227,ABC228,BN-TP,0,BN-TP-AC-SE-2030,957,1872.0,Redbus,27,Evening,2026-01-09 20:30:00,M,2026-01-09 18:05:21,2026-01-09 22:45:00,0,26-40
228,ABC229,BN-TP,0,BN-TP-AC-SE-0530,578,1156.0,Redbus,23,Early Morning,2026-01-10 05:30:00,M,2026-01-09 18:05:23,2026-01-10 07:20:00,0,18-25
229,ABC230,BN-TP,0,BN-TP-AC-SE-0530,578,1156.0,Redbus,30,Early Morning,2026-01-10 05:30:00,M,2026-01-09 18:05:23,2026-01-10 07:20:00,0,26-40
230,ABC231,BN-TP,0,BN-TP-AC-SE-1930,862,862.0,Redbus,29,Evening,2026-01-10 19:30:00,M,2026-01-09 18:05:35,2026-01-10 22:45:00,1,26-40
231,ABC232,BNG-CHN,1,BNG-CHN-AC-SE/SL-1930,669,669.0,Abhibus,28,Evening,2026-01-09 19:30:00,M,2026-01-09 18:05:52,2026-01-09 21:25:00,0,26-40
232,ABC233,VSKP-GNT,0,VSKP-GNT-AC-SE-2030,441,441.0,Online,19,Evening,2026-01-09 20:30:00,M,2026-01-09 18:05:53,2026-01-09 21:10:00,0,18-25
233,ABC234,HYD-GNT,1,HYD-GNT-AC-SE/SL-2200,1736,3472.0,Abhibus,25,Overnight,2026-01-09 22:00:00,F,2026-01-09 18:06:04,2026-01-09 23:10:00,0,18-25
234,ABC235,HYD-GNT,1,HYD-GNT-AC-SE/SL-2200,1736,3472.0,Abhibus,27,Overnight,2026-01-09 22:00:00,M,2026-01-09 18:06:04,2026-01-09 23:10:00,0,26-40
235,ABC236,CHN-PND,0,CHN-PND-AC-SE-0500,626,626.0,Redbus,24,Overnight,2026-01-10 05:00:00,F,2026-01-09 18:06:31,2026-01-10 05:10:00,0,18-25
236,ABC237,BNG-CHN,1,BNG-CHN-AC-SE/SL-1830,604,604.0,Abhibus,30,Evening,2026-01-09 18:30:00,M,2026-01-09 18:06:49,2026-01-09 20:55:00,0,26-40
237,ABC238,GNT-HYD,0,GNT-HYD-AC-SE-1700,345,345.0,Redbus,24,Evening,2026-01-09 17:00:00,M,2026-01-09 18:06:56,2026-01-09 18:40:00,0,18-25
238,ABC239,ELR-HYD,0,ELR-HYD-AC-SE-2000,410,410.0,Abhibus,27,Evening,2026-01-09 20:00:00,M,2026-01-09 18:07:08,2026-01-09 20:45:00,0,26-40
239,ABC240,BNG-CHN,1,BNG-CHN-AC-SE/SL-1830,626,626.0,Redbus,30,Evening,2026-01-09 18:30:00,M,2026-01-09 18:07:14,2026-01-09 20:15:00,0,26-40
240,ABC241,GNT-HYD,0,GNT-HYD-AC-SE-2215,359,359.0,Abhibus,23,Overnight,2026-01-09 22:15:00,M,2026-01-09 18:07:48,2026-01-10 00:00:00,0,18-25
241,ABC242,CHN-BNG,1,CHN-BNG-AC-SE/SL-1730,766,766.0,Abhibus,23,Evening,2026-01-09 17:30:00,M,2026-01-09 18:07:59,2026-01-09 19:10:00,0,18-25
242,ABC243,BNG-CHN,1,BNG-CHN-AC-SE/SL-1830,604,604.0,Abhibus,33,Evening,2026-01-09 18:30:00,M,2026-01-09 18:08:01,2026-01-09 21:40:00,0,26-40
243,ABC244,BN-TP,0,BN-TP-AC-SE-1930,862,862.0,Redbus,29,Evening,2026-01-10 19:30:00,M,2026-01-09 18:08:05,2026-01-10 22:45:00,1,26-40
244,ABC245,HYD-ELR,0,HYD-ELR-AC-SE-2130,1102,1102.0,Redbus,25,Overnight,2026-01-09 21:30:00,F,2026-01-09 18:08:12,2026-01-09 22:40:00,0,18-25
245,ABC246,HYD-ELR,0,HYD-ELR-AC-SE-1930,1448,1448.0,Abhibus,28,Evening,2026-01-10 19:30:00,M,2026-01-09 18:08:36,2026-01-10 20:50:00,1,26-40
246,ABC247,HYD-ELR,0,HYD-ELR-AC-SE-1930,1123,1123.0,Abhibus,27,Evening,2026-01-10 19:30:00,M,2026-01-09 18:08:44,2026-01-10 21:35:00,1,26-40
247,ABC248,PND-CHN,0,PND-CHN-AC-SE-1930,215,215.0,Redbus,35,Evening,2026-01-09 19:30:00,M,2026-01-09 18:09:02,2026-01-09 20:30:00,0,26-40
248,ABC249,GNT-HYD,0,GNT-HYD-AC-SE-1700,410,410.0,Redbus,44,Evening,2026-01-09 17:00:00,M,2026-01-09 18:09:44,2026-01-09 18:30:00,0,41-60
249,ABC250,GNT-HYD,0,GNT-HYD-AC-SE-1700,431,1768.0,Online,11,Evening,2026-01-09 17:00:00,F,2026-01-09 18:09:50,2026-01-09 18:40:00,0,1-17
250,ABC251,GNT-HYD,0,GNT-HYD-AC-SE-1700,431,1768.0,Online,36,Evening,2026-01-09 17:00:00,F,2026-01-09 18:09:50,2026-01-09 18:40:00,0,26-40
251,ABC252,GNT-HYD,0,GNT-HYD-AC-SE-1700,453,1768.0,Online,38,Evening,2026-01-09 17:00:00,M,2026-01-09 18:09:50,2026-01-09 18:40:00,0,26-40
252,ABC253,GNT-HYD,0,GNT-HYD-AC-SE-1700,453,1768.0,Online,8,Evening,2026-01-09 17:00:00,M,2026-01-09 18:09:50,2026-01-09 18:40:00,0,1-17
253,ABC254,GNT-VSKP,0,GNT-VSKP-AC-SE-1300,1388,1388.0,PayTM,27,Day Service,2026-01-11 13:00:00,M,2026-01-09 18:10:21,2026-01-11 14:05:00,1,26-40
254,ABC255,BNG-CHN,1,BNG-CHN-AC-SE/SL-1930,1112,1112.0,Redbus,29,Evening,2026-01-09 19:30:00,M,2026-01-09 18:10:39,2026-01-09 20:15:00,0,26-40
255,ABC256,BN-TP,0,BN-TP-AC-SE-2300,957,957.0,Abhibus,27,Overnight,2026-01-09 23:00:00,F,2026-01-09 18:10:40,2026-01-10 01:00:00,0,26-40
256,ABC257,ERD-BNG,0,ERD-BNG-AC-SE-2100,334,334.0,Redbus,26,Evening,2026-01-09 21:00:00,M,2026-01-09 18:10:45,2026-01-09 22:40:00,0,26-40
257,ABC258,VSKP-GNT,0,VSKP-GNT-AC-SE-1930,441,441.0,Abhibus,24,Evening,2026-01-09 19:30:00,M,2026-01-09 18:10:47,2026-01-09 20:00:00,0,18-25
258,ABC259,TP-BN,0,TP-BN-AC-SE-2250,349,349.0,Redbus,28,Overnight,2026-01-09 22:50:00,M,2026-01-09 18:11:17,2026-01-09 22:50:00,0,26-40
259,ABC260,BNG-CHN,1,BNG-CHN-AC-SE/SL-2200,1221,1221.0,Redbus,22,Overnight,2026-01-09 22:00:00,F,2026-01-09 18:11:33,2026-01-09 23:20:00,0,18-25
260,ABC261,VSKP-GNT,1,VSKP-GNT-AC-SE/SL-2130,1041,1041.0,Redbus,47,Overnight,2026-01-09 21:30:00,M,2026-01-09 18:11:47,2026-01-09 23:08:00,0,41-60
261,ABC262,CHN-BNG,1,CHN-BNG-AC-SE/SL-1730,464,464.0,Abhibus,41,Evening,2026-01-09 17:30:00,F,2026-01-09 18:12:06,2026-01-09 19:10:00,0,41-60
262,ABC263,TP-BN,0,TP-BN-AC-SE-2030,329,329.0,Redbus,24,Evening,2026-01-09 20:30:00,M,2026-01-09 18:12:32,2026-01-09 21:10:00,0,18-25
263,ABC264,GNT-VSKP,0,GNT-VSKP-AC-SE-1300,1609,3292.0,Abhibus,43,Day Service,2026-01-10 13:00:00,M,2026-01-09 18:12:37,2026-01-10 14:05:00,0,41-60
264,ABC265,GNT-VSKP,0,GNT-VSKP-AC-SE-1300,1683,3292.0,Abhibus,42,Day Service,2026-01-10 13:00:00,M,2026-01-09 18:12:37,2026-01-10 14:05:00,0,41-60
265,ABC266,ERD-BNG,0,ERD-BNG-AC-SE-2100,388,388.0,Abhibus,37,Evening,2026-01-10 21:00:00,M,2026-01-09 18:12:47,2026-01-10 21:10:00,1,26-40
266,ABC267,HYD-ELR,0,HYD-ELR-AC-SE-2130,1112,1112.0,Online,21,Overnight,2026-01-09 21:30:00,M,2026-01-09 18:12:48,2026-01-09 22:50:00,0,18-25
267,ABC268,GNT-HYD,0,GNT-HYD-AC-SE-1700,345,345.0,Redbus,60,Evening,2026-01-09 17:00:00,M,2026-01-09 18:12:53,2026-01-09 18:40:00,0,41-60
268,ABC269,TP-BN,0,TP-BN-AC-SE-1400,504,504.0,Abhibus,25,Day Service,2026-01-11 14:00:00,M,2026-01-09 18:13:01,2026-01-11 14:10:00,1,18-25
269,ABC270,PND-CHN,0,PND-CHN-AC-SE-1930,215,215.0,Redbus,35,Evening,2026-01-09 19:30:00,M,2026-01-09 18:13:04,2026-01-09 19:45:00,0,26-40
270,ABC271,CHN-BNG,1,CHN-BNG-AC-SE/SL-2100,1026,1026.0,Redbus,20,Evening,2026-01-09 21:00:00,M,2026-01-09 18:13:08,2026-01-09 21:30:00,0,18-25
271,ABC272,BN-TP,0,BN-TP-AC-SE-1230,515,515.0,Redbus,28,Day Service,2026-01-14 12:30:00,F,2026-01-09 18:13:09,2026-01-14 14:00:00,4,26-40
272,ABC273,VSKP-GNT,1,VSKP-GNT-AC-SE/SL-2300,588,588.0,Redbus,24,Overnight,2026-01-09 23:00:00,M,2026-01-09 18:13:14,2026-01-09 23:12:00,0,18-25
273,ABC274,BNG-CHN,1,BNG-CHN-AC-SE/SL-2100,875,875.0,Redbus,50,Evening,2026-01-11 21:00:00,M,2026-01-09 18:13:28,2026-01-11 21:20:00,2,41-60
274,ABC275,VSKP-VJY,1,VSKP-VJY-AC-SE/SL-1000,557,557.0,Abhibus,22,Day Service,2026-01-10 10:00:00,M,2026-01-09 18:13:40,2026-01-10 09:52:00,0,18-25
275,ABC276,BNG-CHN,1,BNG-CHN-AC-SE/SL-1830,669,669.0,Abhibus,32,Evening,2026-01-09 18:30:00,M,2026-01-09 18:13:43,2026-01-09 20:15:00,0,26-40
276,ABC277,BN-TP,0,BN-TP-AC-SE-2130,894,894.0,Redbus,37,Overnight,2026-01-09 21:30:00,M,2026-01-09 18:14:10,2026-01-10 00:00:00,0,26-40
277,ABC278,VSKP-GNT,0,VSKP-GNT-AC-SE-2030,536,1093.0,PayTM,21,Evening,2026-01-09 20:30:00,M,2026-01-09 18:14:30,2026-01-09 20:42:00,0,18-25
278,ABC279,VSKP-GNT,0,VSKP-GNT-AC-SE-2030,557,1093.0,PayTM,24,Evening,2026-01-09 20:30:00,M,2026-01-09 18:14:30,2026-01-09 20:42:00,0,18-25
279,ABC280,BN-TP,0,BN-TP-AC-SE-1700,820,820.0,Redbus,25,Evening,2026-01-09 17:00:00,F,2026-01-09 18:14:42,2026-01-09 19:20:00,0,18-25
280,ABC281,BNG-CHN,0,BNG-CHN-AC-SE-1530,950,950.0,Redbus,27,Day Service,2026-01-19 15:30:00,M,2026-01-09 18:14:43,2026-01-19 21:20:00,10,26-40
281,ABC282,HYD-ELR,0,HYD-ELR-AC-SE-2030,1448,1448.0,Abhibus,60,Evening,2026-01-09 20:30:00,M,2026-01-09 18:14:46,2026-01-09 21:20:00,0,41-60
282,ABC283,VSKP-GNT,1,VSKP-GNT-AC-SE/SL-2300,567,567.0,Redbus,31,Overnight,2026-01-09 23:00:00,M,2026-01-09 18:14:59,2026-01-09 23:45:00,0,26-40
283,ABC284,ELR-HYD,0,ELR-HYD-AC-SE-2000,453,453.0,Abhibus,26,Evening,2026-01-09 20:00:00,F,2026-01-09 18:15:04,2026-01-09 22:15:00,0,26-40
284,ABC285,CHN-BNG,1,CHN-BNG-AC-SE/SL-1830,810,810.0,Redbus,28,Evening,2026-01-09 18:30:00,M,2026-01-09 18:15:35,2026-01-09 20:45:00,0,26-40
285,ABC286,GNT-HYD,0,GNT-HYD-AC-SE-2000,359,359.0,Redbus,44,Evening,2026-01-09 20:00:00,M,2026-01-09 18:15:36,2026-01-09 21:33:00,0,41-60
286,ABC287,GNT-VSKP,0,GNT-VSKP-AC-SE-1930,1262,1262.0,Abhibus,31,Evening,2026-01-09 19:30:00,M,2026-01-09 18:15:55,2026-01-09 21:35:00,0,26-40
287,ABC288,CHN-BNG,1,CHN-BNG-AC-SE/SL-0830,464,1403.0,Online,17,Early Morning,2026-01-10 08:30:00,M,2026-01-09 18:16:15,2026-01-10 08:50:00,0,1-17
288,ABC289,CHN-BNG,1,CHN-BNG-AC-SE/SL-0830,464,1403.0,Online,10,Early Morning,2026-01-10 08:30:00,M,2026-01-09 18:16:15,2026-01-10 08:50:00,0,1-17
289,ABC290,CHN-BNG,1,CHN-BNG-AC-SE/SL-0830,475,1403.0,Online,46,Early Morning,2026-01-10 08:30:00,M,2026-01-09 18:16:15,2026-01-10 08:50:00,0,41-60
290,ABC291,HYD-GNT,1,HYD-GNT-AC-SE/SL-2200,1683,1683.0,Redbus,25,Overnight,2026-01-09 22:00:00,M,2026-01-09 18:16:39,2026-01-09 23:35:00,0,18-25
291,ABC292,VJY-VSKP,1,VJY-VSKP-AC-SE/SL-1000,1041,1041.0,Online,20,Day Service,2026-01-10 10:00:00,M,2026-01-09 18:16:44,2026-01-10 10:35:00,0,18-25
292,ABC293,CHN-BNG,0,CHN-BNG-AC-SE-0400,572,572.0,Redbus,28,Overnight,2026-01-10 04:00:00,M,2026-01-09 18:16:57,2026-01-10 06:05:00,0,26-40
293,ABC294,GNT-VSKP,0,GNT-VSKP-AC-SE-1830,1157,1157.0,Abhibus,30,Evening,2026-01-09 18:30:00,M,2026-01-09 18:17:47,2026-01-09 23:20:00,0,26-40
294,ABC295,VSKP-GNT,1,VSKP-GNT-AC-SE/SL-2130,1104,2208.0,Abhibus,35,Overnight,2026-01-10 21:30:00,M,2026-01-09 18:17:50,2026-01-10 22:45:00,1,26-40
295,ABC296,VSKP-GNT,1,VSKP-GNT-AC-SE/SL-2130,1104,2208.0,Abhibus,33,Overnight,2026-01-10 21:30:00,F,2026-01-09 18:17:50,2026-01-10 22:45:00,1,26-40
296,ABC297,CHN-BNG,1,CHN-BNG-AC-SE/SL-2200,572,1155.0,Redbus,22,Overnight,2026-01-09 22:00:00,M,2026-01-09 18:17:57,2026-01-09 23:55:00,0,18-25
297,ABC298,CHN-BNG,1,CHN-BNG-AC-SE/SL-2200,583,1155.0,Redbus,39,Overnight,2026-01-09 22:00:00,M,2026-01-09 18:17:57,2026-01-09 23:55:00,0,26-40
298,ABC299,TP-BN,0,TP-BN-AC-SE-0800,304,304.0,Redbus,30,Early Morning,2026-01-10 08:00:00,M,2026-01-09 18:18:58,2026-01-10 08:00:00,0,26-40
299,ABC300,VSKP-GNT,1,VSKP-GNT-AC-SE/SL-2130,567,567.0,Redbus,24,Overnight,2026-01-09 21:30:00,F,2026-01-09 18:18:59,2026-01-09 22:20:00,0,18-25
300,ABC301,CHN-PND,0,CHN-PND-AC-SE-2000,485,485.0,Online,38,Evening,2026-01-09 20:00:00,M,2026-01-09 18:19:10,2026-01-09 21:15:00,0,26-40
301,ABC302,BN-TP,0,BN-TP-AC-SE-2230,915,915.0,Abhibus,28,Overnight,2026-01-10 22:30:00,M,2026-01-09 18:19:28,2026-01-11 00:25:00,1,26-40
302,ABC303,HYD-GNT,0,HYD-GNT-AC-SE-0300,1115,2314.0,Abhibus,15,Overnight,2026-01-10 03:00:00,M,2026-01-09 18:19:33,2026-01-10 04:25:00,0,1-17
303,ABC304,HYD-GNT,0,HYD-GNT-AC-SE-0300,1199,2314.0,Abhibus,40,Overnight,2026-01-10 03:00:00,F,2026-01-09 18:19:33,2026-01-10 04:25:00,0,26-40
304,ABC305,BNG-CHN,1,BNG-CHN-AC-SE/SL-1730,550,550.0,Abhibus,29,Evening,2026-01-09 17:30:00,F,2026-01-09 18:19:47,2026-01-09 20:45:00,0,26-40
305,ABC306,HYD-GNT,0,HYD-GNT-AC-SE-2045,1241,0.0,Online,30,Evening,2026-01-10 20:45:00,M,2026-01-10 10:14:32,2026-01-10 22:05:00,0,26-40
306,ABC307,BNG-CHN,1,BNG-CHN-AC-SE/SL-1830,658,658.0,Redbus,38,Evening,2026-01-09 18:30:00,M,2026-01-09 18:20:01,2026-01-09 20:55:00,0,26-40
307,ABC308,VSKP-GNT,1,VSKP-GNT-AC-SE/SL-2300,1031,1031.0,PayTM,25,Overnight,2026-01-09 23:00:00,M,2026-01-09 18:21:05,2026-01-09 23:30:00,0,18-25
308,ABC309,TP-BN,0,TP-BN-AC-SE-1600,431,431.0,Online,18,Day Service,2026-01-12 16:00:00,M,2026-01-09 18:21:20,2026-01-12 16:00:00,2,18-25
309,ABC310,BN-TP,0,BN-TP-AC-SE-1930,852,1746.0,Redbus,43,Evening,2026-01-09 19:30:00,M,2026-01-09 18:21:24,2026-01-09 21:40:00,0,41-60
310,ABC311,BN-TP,0,BN-TP-AC-SE-1930,894,1746.0,Redbus,38,Evening,2026-01-09 19:30:00,F,2026-01-09 18:21:24,2026-01-09 21:40:00,0,26-40
311,ABC312,GNT-VSKP,1,GNT-VSKP-AC-SE/SL-2030,2431,2431.0,Redbus,37,Evening,2026-01-09 20:30:00,M,2026-01-09 18:21:30,2026-01-09 22:35:00,0,26-40
312,ABC313,GNT-HYD,0,GNT-HYD-AC-SE-2000,359,359.0,Redbus,26,Evening,2026-01-09 20:00:00,M,2026-01-09 18:21:41,2026-01-09 21:55:00,0,26-40
313,ABC314,GNT-VSKP,0,GNT-VSKP-AC-SE-1930,1357,1357.0,Abhibus,50,Evening,2026-01-09 19:30:00,M,2026-01-09 18:21:45,2026-01-09 21:00:00,0,41-60
314,ABC315,BN-TP,0,BN-TP-AC-SE-2230,746,746.0,Abhibus,35,Overnight,2026-01-09 22:30:00,M,2026-01-09 18:21:55,2026-01-09 22:50:00,0,26-40
315,ABC316,BNG-CHN,1,BNG-CHN-AC-SE/SL-1830,1037,1037.0,Redbus,31,Evening,2026-01-09 18:30:00,M,2026-01-09 18:22:02,2026-01-09 18:50:00,0,26-40
316,ABC317,BN-TP,0,BN-TP-AC-SE-1700,894,894.0,Online,30,Evening,2026-01-09 17:00:00,M,2026-01-09 18:22:18,2026-01-09 19:20:00,0,26-40
317,ABC318,VSKP-GNT,0,VSKP-GNT-AC-SE-1930,441,441.0,Abhibus,18,Evening,2026-01-09 19:30:00,M,2026-01-09 18:22:21,2026-01-09 19:35:00,0,18-25
318,ABC319,ELR-HYD,0,ELR-HYD-AC-SE-2000,356,356.0,Abhibus,33,Evening,2026-01-09 20:00:00,M,2026-01-09 18:22:30,2026-01-09 22:15:00,0,26-40
319,ABC320,VJY-VSKP,1,VJY-VSKP-AC-SE/SL-0900,978,978.0,Redbus,40,Early Morning,2026-01-10 09:00:00,M,2026-01-09 18:22:37,2026-01-10 09:35:00,0,26-40
320,ABC321,HYD-GNT,0,HYD-GNT-AC-SE-2300,1220,1220.0,Abhibus,32,Overnight,2026-01-09 23:00:00,M,2026-01-09 18:22:42,2026-01-10 00:00:00,0,26-40
321,ABC322,GNT-VSKP,0,GNT-VSKP-AC-SE-1930,1357,2756.0,Online,21,Evening,2026-01-09 19:30:00,F,2026-01-09 18:22:57,2026-01-09 21:00:00,0,18-25
322,ABC323,GNT-VSKP,0,GNT-VSKP-AC-SE-1930,1399,2756.0,Online,48,Evening,2026-01-09 19:30:00,M,2026-01-09 18:22:57,2026-01-09 21:00:00,0,41-60
323,ABC324,BNG-ERD,0,BNG-ERD-AC-SE-2030,594,594.0,Redbus,40,Evening,2026-01-09 20:30:00,M,2026-01-09 18:23:11,2026-01-09 21:40:00,0,26-40
324,ABC325,CHN-PND,0,CHN-PND-AC-SE-2000,485,485.0,Redbus,24,Evening,2026-01-09 20:00:00,M,2026-01-09 18:23:18,2026-01-09 20:25:00,0,18-25
325,ABC326,HYD-VJY,0,HYD-VJY-AC-SE-1600,894,894.0,Redbus,47,Day Service,2026-01-09 16:00:00,M,2026-01-09 18:23:27,2026-01-09 20:10:00,0,41-60
326,ABC327,VSKP-GNT,1,VSKP-GNT-AC-SE/SL-2300,567,1743.0,Redbus,26,Overnight,2026-01-09 23:00:00,F,2026-01-09 18:23:28,2026-01-10 04:50:00,0,26-40
327,ABC328,VSKP-GNT,1,VSKP-GNT-AC-SE/SL-2300,588,1743.0,Redbus,26,Overnight,2026-01-09 23:00:00,M,2026-01-09 18:23:28,2026-01-10 04:50:00,0,26-40
328,ABC329,VSKP-GNT,1,VSKP-GNT-AC-SE/SL-2300,588,1743.0,Redbus,26,Overnight,2026-01-09 23:00:00,F,2026-01-09 18:23:28,2026-01-10 04:50:00,0,26-40
329,ABC330,BN-TP,0,BN-TP-AC-SE-2130,925,925.0,Redbus,21,Overnight,2026-01-09 21:30:00,M,2026-01-09 18:24:02,2026-01-09 23:55:00,0,18-25
330,ABC331,TP-BN,0,TP-BN-AC-SE-1115,329,678.0,Redbus,45,Day Service,2026-01-10 11:15:00,F,2026-01-09 18:24:12,2026-01-10 11:25:00,0,41-60
331,ABC332,TP-BN,0,TP-BN-AC-SE-1115,349,678.0,Redbus,18,Day Service,2026-01-10 11:15:00,F,2026-01-09 18:24:12,2026-01-10 11:25:00,0,18-25
332,ABC333,TP-BN,0,TP-BN-AC-SE-1700,1449,1449.0,Redbus,62,Evening,2026-01-20 17:00:00,M,2026-01-09 18:24:31,2026-01-20 17:00:00,10,60+
333,ABC334,BNG-CHN,1,BNG-CHN-AC-SE/SL-1830,788,788.0,Abhibus,24,Evening,2026-01-11 18:30:00,F,2026-01-09 18:24:38,2026-01-11 20:35:00,2,18-25
334,ABC335,BN-TP,0,BN-TP-AC-SE-2130,704,704.0,Redbus,25,Overnight,2026-01-09 21:30:00,F,2026-01-09 18:25:16,2026-01-09 23:50:00,0,18-25
335,ABC336,GNT-VSKP,0,GNT-VSKP-AC-SE-1930,1409,1409.0,Redbus,18,Evening,2026-01-09 19:30:00,F,2026-01-09 18:25:17,2026-01-09 21:00:00,0,18-25
336,ABC337,TP-BN,0,TP-BN-AC-SE-2350,273,273.0,PayTM,24,Overnight,2026-01-09 23:50:00,M,2026-01-09 18:25:24,2026-01-09 23:50:00,0,18-25
337,ABC338,PND-CHN,0,PND-CHN-AC-SE-1930,215,215.0,Online,40,Evening,2026-01-09 19:30:00,M,2026-01-09 18:25:27,2026-01-09 19:45:00,0,26-40
338,ABC339,HYD-VJY,1,HYD-VJY-AC-SE/SL-2100,1125,1125.0,Abhibus,78,Evening,2026-01-09 21:00:00,M,2026-01-09 18:25:31,2026-01-09 23:57:00,0,60+
339,ABC340,VSKP-GNT,0,VSKP-GNT-AC-SE-2030,546,546.0,Abhibus,29,Evening,2026-01-09 20:30:00,M,2026-01-09 18:25:49,2026-01-09 21:45:00,0,26-40
340,ABC341,HYD-VJY,0,HYD-VJY-AC-SE-0600,1167,1167.0,Redbus,27,Early Morning,2026-01-10 06:00:00,F,2026-01-09 18:25:51,2026-01-10 08:15:00,0,26-40
341,ABC342,VSKP-GNT,0,VSKP-GNT-AC-SE-1930,494,494.0,Abhibus,27,Evening,2026-01-09 19:30:00,M,2026-01-09 18:25:53,2026-01-09 20:05:00,0,26-40
342,ABC343,BN-TP,0,BN-TP-AC-SE-2030,746,746.0,Redbus,26,Evening,2026-01-09 20:30:00,M,2026-01-09 18:25:53,2026-01-09 22:30:00,0,26-40
343,ABC344,BN-TP,0,BN-TP-AC-SE-2030,746,746.0,Redbus,26,Evening,2026-01-09 20:30:00,M,2026-01-09 18:25:53,2026-01-09 22:30:00,0,26-40
344,ABC345,CHN-BNG,1,CHN-BNG-AC-SE/SL-1730,766,766.0,Redbus,20,Evening,2026-01-09 17:30:00,M,2026-01-09 18:26:10,2026-01-09 19:35:00,0,18-25
345,ABC346,CHN-BNG,1,CHN-BNG-AC-SE/SL-1830,842,2526.0,Redbus,51,Evening,2026-01-09 18:30:00,F,2026-01-09 18:26:25,2026-01-09 22:45:00,0,41-60
346,ABC347,CHN-BNG,1,CHN-BNG-AC-SE/SL-1830,842,2526.0,Redbus,24,Evening,2026-01-09 18:30:00,M,2026-01-09 18:26:25,2026-01-09 22:45:00,0,18-25
347,ABC348,CHN-BNG,1,CHN-BNG-AC-SE/SL-1830,842,2526.0,Redbus,49,Evening,2026-01-09 18:30:00,M,2026-01-09 18:26:25,2026-01-09 22:45:00,0,41-60
348,ABC349,PND-CHN,0,PND-CHN-AC-SE-1400,334,668.0,Redbus,21,Day Service,2026-01-10 14:00:00,M,2026-01-09 18:27:09,2026-01-10 14:50:00,0,18-25
349,ABC350,PND-CHN,0,PND-CHN-AC-SE-1400,334,668.0,Redbus,20,Day Service,2026-01-10 14:00:00,F,2026-01-09 18:27:09,2026-01-10 14:50:00,0,18-25
350,ABC351,BNG-CHN,1,BNG-CHN-AC-SE/SL-2200,594,594.0,Abhibus,27,Overnight,2026-01-09 22:00:00,M,2026-01-09 18:27:24,2026-01-09 22:25:00,0,26-40
351,ABC352,BN-TP,0,BN-TP-AC-SE-2130,788,788.0,Online,36,Overnight,2026-01-09 21:30:00,M,2026-01-09 18:28:04,2026-01-09 23:25:00,0,26-40
352,ABC353,HYD-VJY,0,HYD-VJY-AC-SE-0600,1441,1441.0,Abhibus,56,Early Morning,2026-01-11 06:00:00,M,2026-01-09 18:28:13,2026-01-11 08:05:00,1,41-60
353,ABC354,BN-TP,0,BN-TP-AC-SE-1930,946,946.0,Redbus,30,Evening,2026-01-09 19:30:00,M,2026-01-09 18:28:17,2026-01-09 22:25:00,0,26-40
354,ABC355,HYD-ELR,0,HYD-ELR-AC-SE-2130,1448,2960.0,Abhibus,45,Overnight,2026-01-11 21:30:00,M,2026-01-09 18:28:35,2026-01-11 22:35:00,2,41-60
355,ABC356,HYD-ELR,0,HYD-ELR-AC-SE-2130,1512,2960.0,Abhibus,48,Overnight,2026-01-11 21:30:00,M,2026-01-09 18:28:35,2026-01-11 22:35:00,2,41-60
356,ABC357,BN-TP,0,BN-TP-AC-SE-0530,894,1882.0,Redbus,25,Early Morning,2026-01-10 05:30:00,F,2026-01-09 18:28:47,2026-01-10 06:15:00,0,18-25
357,ABC358,BN-TP,0,BN-TP-AC-SE-0530,988,1882.0,Redbus,21,Early Morning,2026-01-10 05:30:00,F,2026-01-09 18:28:47,2026-01-10 06:15:00,0,18-25
358,ABC359,HYD-GNT,0,HYD-GNT-AC-SE-0300,1804,1804.0,Abhibus,19,Overnight,2026-01-10 03:00:00,F,2026-01-09 18:29:00,2026-01-10 05:10:00,0,18-25
359,ABC360,BN-TP,0,BN-TP-AC-SE-2030,799,799.0,Abhibus,23,Evening,2026-01-09 20:30:00,F,2026-01-09 18:29:05,2026-01-09 22:40:00,0,18-25
360,ABC361,BN-TP,0,BN-TP-AC-SE-2030,799,799.0,Abhibus,23,Evening,2026-01-09 20:30:00,F,2026-01-09 18:29:05,2026-01-09 22:40:00,0,18-25
361,ABC362,TP-BN,0,TP-BN-AC-SE-2250,300,609.0,PayTM,21,Overnight,2026-01-09 22:50:00,M,2026-01-09 18:29:38,2026-01-09 22:50:00,0,18-25
362,ABC363,TP-BN,0,TP-BN-AC-SE-2250,309,609.0,PayTM,21,Overnight,2026-01-09 22:50:00,M,2026-01-09 18:29:38,2026-01-09 22:50:00,0,18-25
363,ABC364,GNT-HYD,0,GNT-HYD-AC-SE-2000,409,409.0,Redbus,22,Evening,2026-01-09 20:00:00,M,2026-01-09 18:29:40,2026-01-09 20:00:00,0,18-25
364,ABC365,BNG-CHN,0,BNG-CHN-AC-SE-1530,464,464.0,Redbus,46,Day Service,2026-01-09 15:30:00,M,2026-01-09 18:29:52,2026-01-09 21:20:00,0,41-60
365,ABC366,HYD-ELR,0,HYD-ELR-AC-SE-1930,799,799.0,Abhibus,25,Evening,2026-01-09 19:30:00,M,2026-01-09 18:30:06,2026-01-09 19:30:00,0,18-25
366,ABC367,BNG-CHN,1,BNG-CHN-AC-SE/SL-1930,561,561.0,Online,42,Evening,2026-01-09 19:30:00,M,2026-01-09 18:30:29,2026-01-09 22:35:00,0,41-60
367,ABC368,CHN-BNG,1,CHN-BNG-AC-SE/SL-1730,1221,1221.0,Redbus,30,Evening,2026-01-18 17:30:00,M,2026-01-09 18:30:35,2026-01-18 19:35:00,9,26-40
368,ABC369,VJY-HYD,0,VJY-HYD-AC-SE-1030,349,349.0,Redbus,31,Day Service,2026-01-11 10:30:00,F,2026-01-09 18:30:47,2026-01-11 10:20:00,1,26-40
369,ABC370,TP-BN,0,TP-BN-AC-SE-0530,525,525.0,Abhibus,29,Early Morning,2026-01-12 05:30:00,F,2026-01-09 18:31:04,2026-01-12 05:30:00,2,26-40
370,ABC371,BN-TP,0,BN-TP-AC-SE-0530,957,957.0,PayTM,38,Early Morning,2026-01-10 05:30:00,F,2026-01-09 18:31:17,2026-01-10 06:15:00,0,26-40
371,ABC372,VJY-HYD,0,VJY-HYD-AC-SE-0800,515,515.0,Online,18,Early Morning,2026-01-10 08:00:00,M,2026-01-09 18:31:35,2026-01-10 09:00:00,0,18-25
372,ABC373,GNT-VSKP,1,GNT-VSKP-AC-SE/SL-2030,1841,1841.0,Online,30,Evening,2026-01-09 20:30:00,M,2026-01-09 18:31:56,2026-01-09 22:35:00,0,26-40
373,ABC374,BN-TP,0,BN-TP-AC-SE-2130,925,925.0,Abhibus,22,Overnight,2026-01-09 21:30:00,M,2026-01-09 18:32:28,2026-01-09 21:50:00,0,18-25
374,ABC375,CHN-BNG,1,CHN-BNG-AC-SE/SL-2100,1275,1275.0,Abhibus,23,Evening,2026-01-11 21:00:00,M,2026-01-09 18:32:31,2026-01-11 22:45:00,2,18-25
375,ABC376,BNG-CHN,1,BNG-CHN-AC-SE/SL-1930,561,561.0,Redbus,23,Evening,2026-01-09 19:30:00,F,2026-01-09 18:33:00,2026-01-09 21:25:00,0,18-25
376,ABC377,CHN-PND,0,CHN-PND-AC-SE-0900,561,1122.0,Redbus,56,Early Morning,2026-01-11 09:00:00,F,2026-01-09 18:33:38,2026-01-11 10:50:00,1,41-60
377,ABC378,CHN-PND,0,CHN-PND-AC-SE-0900,561,1122.0,Redbus,60,Early Morning,2026-01-11 09:00:00,M,2026-01-09 18:33:38,2026-01-11 10:50:00,1,41-60
378,ABC379,BN-TP,0,BN-TP-AC-SE-2130,925,925.0,Redbus,39,Overnight,2026-01-09 21:30:00,M,2026-01-09 18:33:42,2026-01-09 23:55:00,0,26-40
379,ABC380,HYD-GNT,0,HYD-GNT-AC-SE-0300,1704,3640.0,Online,6,Overnight,2026-01-10 03:00:00,M,2026-01-09 18:33:58,2026-01-10 05:10:00,0,1-17
380,ABC381,HYD-GNT,0,HYD-GNT-AC-SE-0300,1936,3640.0,Online,41,Overnight,2026-01-10 03:00:00,F,2026-01-09 18:33:58,2026-01-10 05:10:00,0,41-60
381,ABC382,BNG-CHN,1,BNG-CHN-AC-SE/SL-1930,1188,1188.0,Redbus,41,Evening,2026-01-09 19:30:00,M,2026-01-09 18:34:02,2026-01-09 21:15:00,0,41-60
382,ABC383,TP-BN,0,TP-BN-AC-SE-1600,441,441.0,Redbus,49,Day Service,2026-01-10 16:00:00,F,2026-01-09 18:34:16,2026-01-10 16:10:00,0,41-60
383,ABC384,BNG-CHN,1,BNG-CHN-AC-SE/SL-1830,615,615.0,Online,25,Evening,2026-01-09 18:30:00,M,2026-01-09 18:34:28,2026-01-09 20:15:00,0,18-25
384,ABC385,VJY-HYD,1,VJY-HYD-AC-SE/SL-1000,349,0.0,Abhibus,31,Day Service,2026-01-10 10:00:00,F,2026-01-10 07:47:52,2026-01-10 12:00:00,0,26-40
385,ABC386,VJY-HYD,1,VJY-HYD-AC-SE/SL-1000,349,0.0,Abhibus,36,Day Service,2026-01-10 10:00:00,M,2026-01-10 07:47:52,2026-01-10 12:00:00,0,26-40
386,ABC387,HYD-ELR,0,HYD-ELR-AC-SE-2230,1426,2917.0,Online,21,Overnight,2026-01-10 22:30:00,M,2026-01-09 18:34:55,2026-01-11 00:05:00,1,18-25
387,ABC388,HYD-ELR,0,HYD-ELR-AC-SE-2230,1491,2917.0,Online,25,Overnight,2026-01-10 22:30:00,M,2026-01-09 18:34:55,2026-01-11 00:05:00,1,18-25
388,ABC389,BN-TP,0,BN-TP-AC-SE-0530,757,1588.0,Redbus,26,Early Morning,2026-01-10 05:30:00,M,2026-01-09 18:35:52,2026-01-10 06:35:00,0,26-40
389,ABC390,BN-TP,0,BN-TP-AC-SE-0530,831,1588.0,Redbus,22,Early Morning,2026-01-10 05:30:00,F,2026-01-09 18:35:52,2026-01-10 06:35:00,0,18-25
390,ABC391,BN-TP,0,BN-TP-AC-SE-2130,662,662.0,Online,47,Overnight,2026-01-09 21:30:00,M,2026-01-09 18:36:11,2026-01-10 00:00:00,0,41-60
391,ABC392,TP-BN,0,TP-BN-AC-SE-1400,473,473.0,Abhibus,19,Day Service,2026-01-10 14:00:00,F,2026-01-09 18:36:14,2026-01-10 14:00:00,0,18-25
392,ABC393,GNT-HYD,1,GNT-HYD-AC-SE/SL-2100,609,1248.0,Redbus,32,Evening,2026-01-16 21:00:00,M,2026-01-09 18:37:04,2026-01-16 23:00:00,7,26-40
393,ABC394,GNT-HYD,1,GNT-HYD-AC-SE/SL-2100,639,1248.0,Redbus,30,Evening,2026-01-16 21:00:00,F,2026-01-09 18:37:04,2026-01-16 23:00:00,7,26-40
394,ABC395,CHN-BNG,1,CHN-BNG-AC-SE/SL-0830,485,485.0,Redbus,26,Early Morning,2026-01-10 08:30:00,M,2026-01-09 18:37:09,2026-01-10 09:20:00,0,26-40
395,ABC396,VSKP-GNT,1,VSKP-GNT-AC-SE/SL-2130,462,462.0,Redbus,22,Overnight,2026-01-09 21:30:00,M,2026-01-09 18:37:54,2026-01-09 21:42:00,0,18-25
396,ABC397,BNG-CHN,1,BNG-CHN-AC-SE/SL-2200,594,594.0,Redbus,34,Overnight,2026-01-09 22:00:00,M,2026-01-09 18:38:02,2026-01-09 22:25:00,0,26-40
397,ABC398,BN-TP,0,BN-TP-AC-SE-1000,946,946.0,Abhibus,18,Day Service,2026-01-13 10:00:00,F,2026-01-09 18:38:09,2026-01-13 11:55:00,3,18-25
398,ABC399,BNG-ERD,0,BNG-ERD-AC-SE-0800,475,475.0,Redbus,58,Early Morning,2026-01-10 08:00:00,F,2026-01-09 18:38:23,2026-01-10 10:05:00,0,41-60
399,ABC400,TP-BN,0,TP-BN-AC-SE-2250,349,349.0,Redbus,44,Overnight,2026-01-09 22:50:00,M,2026-01-09 18:38:29,2026-01-09 22:50:00,0,41-60
400,ABC401,VSKP-GNT,0,VSKP-GNT-AC-SE-2030,546,546.0,Redbus,35,Evening,2026-01-09 20:30:00,M,2026-01-09 18:39:28,2026-01-09 22:18:00,0,26-40
401,ABC402,HYD-VJY,1,HYD-VJY-AC-SE/SL-2100,1199,1199.0,Online,26,Evening,2026-01-09 21:00:00,F,2026-01-09 18:39:32,2026-01-09 21:00:00,0,26-40
402,ABC403,BNG-CHN,0,BNG-CHN-AC-SE-0400,421,421.0,Redbus,24,Overnight,2026-01-10 04:00:00,M,2026-01-09 18:39:52,2026-01-10 05:30:00,0,18-25
403,ABC404,GNT-VSKP,1,GNT-VSKP-AC-SE/SL-2200,2409,2409.0,Redbus,23,Overnight,2026-01-09 22:00:00,M,2026-01-09 18:40:02,2026-01-10 00:05:00,0,18-25
404,ABC405,HYD-GNT,1,HYD-GNT-AC-SE/SL-2200,1704,3408.0,Redbus,28,Overnight,2026-01-09 22:00:00,M,2026-01-09 18:40:14,2026-01-09 23:35:00,0,26-40
405,ABC406,HYD-GNT,1,HYD-GNT-AC-SE/SL-2200,1704,3408.0,Redbus,33,Overnight,2026-01-09 22:00:00,M,2026-01-09 18:40:14,2026-01-09 23:35:00,0,26-40
406,ABC407,VSKP-GNT,1,VSKP-GNT-AC-SE/SL-2130,452,452.0,Online,20,Overnight,2026-01-09 21:30:00,M,2026-01-09 18:40:16,2026-01-09 22:10:00,0,18-25
407,ABC408,HYD-ELR,0,HYD-ELR-AC-SE-2230,1361,2787.0,Redbus,11,Overnight,2026-01-11 22:30:00,M,2026-01-09 18:40:34,2026-01-11 22:30:00,2,1-17
408,ABC409,HYD-ELR,0,HYD-ELR-AC-SE-2230,1426,2787.0,Redbus,45,Overnight,2026-01-11 22:30:00,F,2026-01-09 18:40:34,2026-01-11 22:30:00,2,41-60
409,ABC410,BNG-CHN,1,BNG-CHN-AC-SE/SL-2200,864,2657.0,Redbus,29,Overnight,2026-01-09 22:00:00,F,2026-01-09 18:40:54,2026-01-09 23:45:00,0,26-40
410,ABC411,BNG-CHN,1,BNG-CHN-AC-SE/SL-2200,864,2657.0,Redbus,35,Overnight,2026-01-09 22:00:00,M,2026-01-09 18:40:54,2026-01-09 23:45:00,0,26-40
411,ABC412,BNG-CHN,1,BNG-CHN-AC-SE/SL-2200,929,2657.0,Redbus,65,Overnight,2026-01-09 22:00:00,M,2026-01-09 18:40:54,2026-01-09 23:45:00,0,60+
412,ABC413,TP-BN,0,TP-BN-AC-SE-2250,349,349.0,PayTM,35,Overnight,2026-01-09 22:50:00,M,2026-01-09 18:41:08,2026-01-09 22:50:00,0,26-40
413,ABC414,HYD-GNT,0,HYD-GNT-AC-SE-2115,1241,1241.0,Online,23,Overnight,2026-01-09 21:15:00,F,2026-01-09 18:41:13,2026-01-09 22:15:00,0,18-25
414,ABC415,HYD-ELR,0,HYD-ELR-AC-SE-2230,1253,1253.0,Abhibus,40,Overnight,2026-01-09 22:30:00,F,2026-01-09 18:41:26,2026-01-09 22:30:00,0,26-40
415,ABC416,CHN-BNG,1,CHN-BNG-AC-SE/SL-0630,756,756.0,Redbus,26,Early Morning,2026-01-10 06:30:00,F,2026-01-09 18:41:26,2026-01-10 09:20:00,0,26-40
416,ABC417,GNT-VSKP,1,GNT-VSKP-AC-SE/SL-2200,736,736.0,Redbus,40,Overnight,2026-01-09 22:00:00,M,2026-01-09 18:41:35,2026-01-09 22:30:00,0,26-40
417,ABC418,BN-TP,0,BN-TP-AC-SE-0600,841,1724.0,Online,40,Early Morning,2026-01-10 06:00:00,F,2026-01-09 18:41:37,2026-01-10 07:35:00,0,26-40
418,ABC419,BN-TP,0,BN-TP-AC-SE-0600,883,1724.0,Online,13,Early Morning,2026-01-10 06:00:00,F,2026-01-09 18:41:37,2026-01-10 07:35:00,0,1-17
419,ABC420,ELR-HYD,0,ELR-HYD-AC-SE-2000,377,377.0,Redbus,33,Evening,2026-01-09 20:00:00,F,2026-01-09 18:41:48,2026-01-09 22:25:00,0,26-40
420,ABC421,HYD-ELR,0,HYD-ELR-AC-SE-1930,983,2009.0,Online,23,Evening,2026-01-09 19:30:00,M,2026-01-09 18:41:55,2026-01-09 22:20:00,0,18-25
421,ABC422,HYD-ELR,0,HYD-ELR-AC-SE-1930,1026,2009.0,Online,24,Evening,2026-01-09 19:30:00,F,2026-01-09 18:41:55,2026-01-09 22:20:00,0,18-25
422,ABC423,GNT-HYD,0,GNT-HYD-AC-SE-2215,359,359.0,Online,32,Overnight,2026-01-09 22:15:00,M,2026-01-09 18:42:10,2026-01-10 00:00:00,0,26-40
423,ABC424,BNG-CHN,1,BNG-CHN-AC-SE/SL-2100,1404,1404.0,Redbus,47,Evening,2026-01-09 21:00:00,M,2026-01-09 18:42:28,2026-01-09 22:30:00,0,41-60
424,ABC425,PND-CHN,0,PND-CHN-AC-SE-1930,215,215.0,Redbus,32,Evening,2026-01-09 19:30:00,M,2026-01-09 18:42:58,2026-01-09 19:45:00,0,26-40
425,ABC426,CHN-BNG,1,CHN-BNG-AC-SE/SL-2100,745,1555.0,Abhibus,37,Evening,2026-01-09 21:00:00,M,2026-01-09 18:43:16,2026-01-09 23:45:00,0,26-40
426,ABC427,CHN-BNG,1,CHN-BNG-AC-SE/SL-2100,810,1555.0,Abhibus,33,Evening,2026-01-09 21:00:00,M,2026-01-09 18:43:16,2026-01-09 23:45:00,0,26-40
427,ABC428,HYD-VJY,1,HYD-VJY-AC-SE/SL-0830,529,1058.0,Abhibus,44,Early Morning,2026-01-18 08:30:00,F,2026-01-09 18:43:24,2026-01-18 11:20:00,8,41-60
428,ABC429,HYD-VJY,1,HYD-VJY-AC-SE/SL-0830,529,1058.0,Abhibus,18,Early Morning,2026-01-18 08:30:00,M,2026-01-09 18:43:24,2026-01-18 11:20:00,8,18-25
429,ABC430,HYD-VJY,1,HYD-VJY-AC-SE/SL-2100,1357,1357.0,Redbus,26,Evening,2026-01-09 21:00:00,M,2026-01-09 18:43:27,2026-01-09 21:00:00,0,26-40
430,ABC431,GNT-VSKP,1,GNT-VSKP-AC-SE/SL-2200,1346,1346.0,Redbus,27,Overnight,2026-01-11 22:00:00,M,2026-01-09 18:43:55,2026-01-11 22:00:00,2,26-40
431,ABC432,GNT-VSKP,0,GNT-VSKP-AC-SE-1930,1399,2872.0,Abhibus,55,Evening,2026-01-09 19:30:00,F,2026-01-09 18:44:01,2026-01-09 20:00:00,0,41-60
432,ABC433,GNT-VSKP,0,GNT-VSKP-AC-SE-1930,1473,2872.0,Abhibus,56,Evening,2026-01-09 19:30:00,M,2026-01-09 18:44:01,2026-01-09 20:00:00,0,41-60
433,ABC434,TP-BN,0,TP-BN-AC-SE-2030,309,309.0,Redbus,21,Evening,2026-01-09 20:30:00,M,2026-01-09 18:44:04,2026-01-09 20:30:00,0,18-25
434,ABC435,ELR-HYD,0,ELR-HYD-AC-SE-2000,359,812.0,Abhibus,17,Evening,2026-01-09 20:00:00,M,2026-01-09 18:44:28,2026-01-09 21:55:00,0,1-17
435,ABC436,ELR-HYD,0,ELR-HYD-AC-SE-2000,453,812.0,Abhibus,17,Evening,2026-01-09 20:00:00,M,2026-01-09 18:44:28,2026-01-09 21:55:00,0,1-17
436,ABC437,GNT-VSKP,0,GNT-VSKP-AC-SE-1930,1262,2671.0,Redbus,34,Evening,2026-01-09 19:30:00,M,2026-01-09 18:45:00,2026-01-09 21:15:00,0,26-40
437,ABC438,GNT-VSKP,0,GNT-VSKP-AC-SE-1930,1409,2671.0,Redbus,35,Evening,2026-01-09 19:30:00,M,2026-01-09 18:45:00,2026-01-09 21:15:00,0,26-40
438,ABC439,BNG-CHN,1,BNG-CHN-AC-SE/SL-1930,1080,1080.0,Redbus,18,Evening,2026-01-09 19:30:00,M,2026-01-09 18:45:18,2026-01-09 21:00:00,0,18-25
439,ABC440,ELR-HYD,0,ELR-HYD-AC-SE-0930,410,410.0,PayTM,31,Day Service,2026-01-10 09:30:00,M,2026-01-09 18:45:26,2026-01-10 10:15:00,0,26-40
440,ABC441,CHN-BNG,1,CHN-BNG-AC-SE/SL-1930,680,680.0,Abhibus,19,Evening,2026-01-09 19:30:00,F,2026-01-09 18:45:38,2026-01-09 22:10:00,0,18-25
441,ABC442,VSKP-GNT,0,VSKP-GNT-AC-SE-1930,494,494.0,Online,22,Evening,2026-01-09 19:30:00,M,2026-01-09 18:45:57,2026-01-09 19:57:00,0,18-25
442,ABC443,CHN-BNG,1,CHN-BNG-AC-SE/SL-2100,561,561.0,Abhibus,63,Evening,2026-01-09 21:00:00,M,2026-01-09 18:46:05,2026-01-09 22:25:00,0,60+
443,ABC444,BN-TP,0,BN-TP-AC-SE-1930,662,662.0,Abhibus,25,Evening,2026-01-09 19:30:00,M,2026-01-09 18:46:26,2026-01-09 21:55:00,0,18-25
444,ABC445,GNT-HYD,0,GNT-HYD-AC-SE-2000,369,369.0,Redbus,40,Evening,2026-01-11 20:00:00,M,2026-01-09 18:46:31,2026-01-11 20:55:00,2,26-40
445,ABC446,BN-TP,0,BN-TP-AC-SE-1930,862,862.0,Redbus,35,Evening,2026-01-09 19:30:00,M,2026-01-09 18:46:35,2026-01-09 21:00:00,0,26-40
446,ABC447,BNG-CHN,1,BNG-CHN-AC-SE/SL-0630,615,1263.0,Redbus,25,Early Morning,2026-01-16 06:30:00,M,2026-01-09 18:46:46,2026-01-16 10:55:00,6,18-25
447,ABC448,BNG-CHN,1,BNG-CHN-AC-SE/SL-0630,648,1263.0,Redbus,23,Early Morning,2026-01-16 06:30:00,M,2026-01-09 18:46:46,2026-01-16 10:55:00,6,18-25
448,ABC449,BN-TP,0,BN-TP-AC-SE-0600,894,894.0,PayTM,26,Early Morning,2026-01-10 06:00:00,M,2026-01-09 18:47:25,2026-01-10 07:05:00,0,26-40
449,ABC450,CHN-BNG,1,CHN-BNG-AC-SE/SL-1830,658,658.0,Redbus,23,Evening,2026-01-09 18:30:00,F,2026-01-09 18:47:29,2026-01-09 21:10:00,0,18-25
450,ABC451,TP-BN,0,TP-BN-AC-SE-2350,631,631.0,Redbus,15,Overnight,2026-01-10 23:50:00,M,2026-01-09 18:47:31,2026-01-10 23:50:00,1,1-17
451,ABC452,BN-TP,0,BN-TP-AC-SE-0600,894,894.0,Abhibus,26,Early Morning,2026-01-10 06:00:00,M,2026-01-09 18:48:05,2026-01-10 06:10:00,0,26-40
452,ABC453,BN-TP,0,BN-TP-AC-SE-2130,852,1777.0,Redbus,30,Overnight,2026-01-09 21:30:00,F,2026-01-09 18:48:12,2026-01-09 23:15:00,0,26-40
453,ABC454,BN-TP,0,BN-TP-AC-SE-2130,925,1777.0,Redbus,28,Overnight,2026-01-09 21:30:00,M,2026-01-09 18:48:12,2026-01-09 23:15:00,0,26-40
454,ABC455,VSKP-GNT,0,VSKP-GNT-AC-SE-1930,546,546.0,Online,35,Evening,2026-01-09 19:30:00,M,2026-01-09 18:48:28,2026-01-09 21:28:00,0,26-40
455,ABC456,BNG-CHN,0,BNG-CHN-AC-SE-1530,604,604.0,Abhibus,31,Day Service,2026-01-10 15:30:00,M,2026-01-09 18:49:02,2026-01-10 16:40:00,0,26-40
456,ABC457,CHN-BNG,1,CHN-BNG-AC-SE/SL-2200,507,507.0,Redbus,36,Overnight,2026-01-09 22:00:00,M,2026-01-09 18:49:18,2026-01-09 21:45:00,0,26-40
457,ABC458,ELR-HYD,0,ELR-HYD-AC-SE-2000,349,698.0,Redbus,20,Evening,2026-01-11 20:00:00,F,2026-01-09 18:49:26,2026-01-11 22:15:00,2,18-25
458,ABC459,ELR-HYD,0,ELR-HYD-AC-SE-2000,349,698.0,Redbus,21,Evening,2026-01-11 20:00:00,F,2026-01-09 18:49:26,2026-01-11 22:15:00,2,18-25
459,ABC460,GNT-HYD,0,GNT-HYD-AC-SE-2045,557,557.0,Abhibus,24,Evening,2026-01-11 20:45:00,F,2026-01-09 18:49:33,2026-01-11 21:45:00,2,18-25
460,ABC461,VSKP-GNT,1,VSKP-GNT-AC-SE/SL-2300,546,546.0,Redbus,42,Overnight,2026-01-09 23:00:00,M,2026-01-09 18:49:45,2026-01-09 23:00:00,0,41-60
461,ABC462,BNG-CHN,1,BNG-CHN-AC-SE/SL-1930,561,561.0,Redbus,25,Evening,2026-01-09 19:30:00,M,2026-01-09 18:50:07,2026-01-09 22:35:00,0,18-25
462,ABC463,BN-TP,0,BN-TP-AC-SE-0700,419,419.0,Online,62,Early Morning,2026-01-18 07:00:00,F,2026-01-09 18:50:21,2026-01-18 07:00:00,8,60+
463,ABC464,BN-TP,0,BN-TP-AC-SE-2030,746,746.0,Redbus,33,Evening,2026-01-09 20:30:00,M,2026-01-09 18:50:35,2026-01-09 22:30:00,0,26-40
464,ABC465,BN-TP,0,BN-TP-AC-SE-2030,746,746.0,Redbus,33,Evening,2026-01-09 20:30:00,M,2026-01-09 18:50:35,2026-01-09 22:30:00,0,26-40
465,ABC466,HYD-GNT,0,HYD-GNT-AC-SE-1500,841,841.0,POS,30,Day Service,2026-01-09 15:00:00,M,2026-01-09 18:50:44,2026-01-09 18:50:00,-1,26-40
466,ABC467,GNT-VSKP,1,GNT-VSKP-AC-SE/SL-2200,1231,1231.0,Redbus,26,Overnight,2026-01-09 22:00:00,M,2026-01-09 18:50:52,2026-01-09 23:30:00,0,26-40
467,ABC468,VSKP-GNT,1,VSKP-GNT-AC-SE/SL-2130,473,1325.0,Redbus,19,Overnight,2026-01-09 21:30:00,M,2026-01-09 18:51:14,2026-01-09 21:30:00,0,18-25
468,ABC469,VSKP-GNT,1,VSKP-GNT-AC-SE/SL-2130,852,1325.0,Redbus,20,Overnight,2026-01-09 21:30:00,M,2026-01-09 18:51:14,2026-01-09 21:30:00,0,18-25
469,ABC470,VSKP-GNT,1,VSKP-GNT-AC-SE/SL-2300,525,525.0,Redbus,58,Overnight,2026-01-09 23:00:00,M,2026-01-09 18:51:46,2026-01-10 00:38:00,0,41-60
470,ABC471,BN-TP,0,BN-TP-AC-SE-2230,736,736.0,Online,22,Overnight,2026-01-09 22:30:00,M,2026-01-09 18:52:16,2026-01-09 23:30:00,0,18-25
471,ABC472,CHN-PND,0,CHN-PND-AC-SE-1515,907,907.0,PayTM,17,Day Service,2026-01-13 15:15:00,F,2026-01-09 18:52:28,2026-01-13 15:30:00,3,1-17
472,ABC473,CHN-BNG,1,CHN-BNG-AC-SE/SL-2100,1166,1166.0,Redbus,31,Evening,2026-01-11 21:00:00,M,2026-01-09 18:52:49,2026-01-11 23:20:00,2,26-40
473,ABC474,TP-BN,0,TP-BN-AC-SE-0530,420,861.0,Redbus,33,Early Morning,2026-01-10 05:30:00,M,2026-01-09 18:52:54,2026-01-10 07:20:00,0,26-40
474,ABC475,TP-BN,0,TP-BN-AC-SE-0530,441,861.0,Redbus,34,Early Morning,2026-01-10 05:30:00,M,2026-01-09 18:52:54,2026-01-10 07:20:00,0,26-40
475,ABC476,HYD-GNT,0,HYD-GNT-AC-SE-1500,909,909.0,POS,45,Day Service,2026-01-09 15:00:00,M,2026-01-09 18:52:56,2026-01-09 18:50:00,-1,41-60
476,ABC477,BNG-CHN,1,BNG-CHN-AC-SE/SL-2200,1069,1069.0,Abhibus,35,Overnight,2026-01-09 22:00:00,M,2026-01-09 18:53:02,2026-01-09 22:30:00,0,26-40
477,ABC478,TP-BN,0,TP-BN-AC-SE-2350,273,273.0,Redbus,45,Overnight,2026-01-09 23:50:00,F,2026-01-09 18:53:26,2026-01-10 00:35:00,0,41-60
478,ABC479,VJY-VSKP,1,VJY-VSKP-AC-SE/SL-0900,1167,1167.0,Online,39,Early Morning,2026-01-12 09:00:00,M,2026-01-09 18:53:34,2026-01-12 09:50:00,2,26-40
479,ABC480,GNT-HYD,0,GNT-HYD-AC-SE-2000,359,359.0,Online,42,Evening,2026-01-09 20:00:00,M,2026-01-09 18:53:41,2026-01-09 21:15:00,0,41-60
480,ABC481,ELR-HYD,0,ELR-HYD-AC-SE-2000,431,431.0,Abhibus,32,Evening,2026-01-09 20:00:00,M,2026-01-09 18:53:48,2026-01-09 22:15:00,0,26-40
481,ABC482,HYD-GNT,0,HYD-GNT-AC-SE-2045,1167,2387.0,Redbus,62,Evening,2026-01-09 20:45:00,F,2026-01-09 18:54:29,2026-01-09 22:05:00,0,60+
482,ABC483,HYD-GNT,0,HYD-GNT-AC-SE-2045,1220,2387.0,Redbus,38,Evening,2026-01-09 20:45:00,M,2026-01-09 18:54:29,2026-01-09 22:05:00,0,26-40
483,ABC484,BNG-ERD,0,BNG-ERD-AC-SE-2030,464,464.0,Online,33,Evening,2026-01-09 20:30:00,M,2026-01-09 18:54:49,2026-01-09 21:00:00,0,26-40
484,ABC485,CHN-BNG,0,CHN-BNG-AC-SE-0400,842,842.0,Redbus,53,Overnight,2026-01-14 04:00:00,F,2026-01-09 18:54:56,2026-01-14 08:25:00,4,41-60
485,ABC486,VSKP-GNT,1,VSKP-GNT-AC-SE/SL-2130,831,831.0,Abhibus,28,Overnight,2026-01-09 21:30:00,M,2026-01-09 18:55:01,2026-01-09 22:45:00,0,26-40
486,ABC487,BNG-CHN,1,BNG-CHN-AC-SE/SL-1830,615,615.0,PayTM,27,Evening,2026-01-09 18:30:00,M,2026-01-09 18:55:02,2026-01-09 21:40:00,0,26-40
487,ABC488,VJY-VSKP,1,VJY-VSKP-AC-SE/SL-0900,567,567.0,Redbus,16,Early Morning,2026-01-14 09:00:00,M,2026-01-09 18:55:11,2026-01-14 09:35:00,4,1-17
488,ABC489,BNG-CHN,1,BNG-CHN-AC-SE/SL-1730,539,539.0,Abhibus,26,Evening,2026-01-09 17:30:00,F,2026-01-09 18:55:21,2026-01-09 19:10:00,0,26-40
489,ABC490,VSKP-GNT,1,VSKP-GNT-AC-SE/SL-2130,504,504.0,Online,21,Overnight,2026-01-09 21:30:00,M,2026-01-09 18:55:24,2026-01-09 22:10:00,0,18-25
490,ABC491,BNG-CHN,1,BNG-CHN-AC-SE/SL-1930,561,561.0,Redbus,46,Evening,2026-01-09 19:30:00,M,2026-01-09 18:55:27,2026-01-09 19:55:00,0,41-60
491,ABC492,ELR-HYD,0,ELR-HYD-AC-SE-2000,561,1144.0,Abhibus,34,Evening,2026-01-09 20:00:00,M,2026-01-09 18:55:41,2026-01-09 20:15:00,0,26-40
492,ABC493,ELR-HYD,0,ELR-HYD-AC-SE-2000,583,1144.0,Abhibus,35,Evening,2026-01-09 20:00:00,M,2026-01-09 18:55:41,2026-01-09 20:15:00,0,26-40
493,ABC494,GNT-VSKP,0,GNT-VSKP-AC-SE-1830,1504,1504.0,Redbus,35,Evening,2026-01-09 18:30:00,M,2026-01-09 18:55:41,2026-01-09 21:00:00,0,26-40
494,ABC495,PND-CHN,0,PND-CHN-AC-SE-1930,950,1900.0,Redbus,25,Evening,2026-01-17 19:30:00,F,2026-01-09 18:55:43,2026-01-17 19:45:00,8,18-25
495,ABC496,PND-CHN,0,PND-CHN-AC-SE-1930,950,1900.0,Redbus,47,Evening,2026-01-17 19:30:00,F,2026-01-09 18:55:43,2026-01-17 19:45:00,8,41-60
496,ABC497,HYD-ELR,0,HYD-ELR-AC-SE-2230,1242,1242.0,Redbus,31,Overnight,2026-01-09 22:30:00,M,2026-01-09 18:55:52,2026-01-09 22:30:00,0,26-40
497,ABC498,HYD-ELR,0,HYD-ELR-AC-SE-1930,1361,1361.0,Abhibus,18,Evening,2026-01-10 19:30:00,M,2026-01-09 18:56:07,2026-01-10 20:40:00,1,18-25
498,ABC499,CHN-PND,0,CHN-PND-AC-SE-2000,453,453.0,Redbus,29,Evening,2026-01-09 20:00:00,F,2026-01-09 18:56:09,2026-01-09 20:25:00,0,26-40
