Ticket No,Service Number,Journey Date,Seat Fare,Total Ticket Amount,Category,Age,Gender,Booked Date Time,Journey Date Time
ABC01,BN-TP-AC-SE-0700,2025-12-24,1179,1179,Redbus,36,M,2025-11-21 20:38:40,2025-12-24 9:15:00
ABC02,TP-BN-AC-SE-0700,2025-12-29,1179,2408,Redbus,23,M,2025-11-26 0:30:15,2025-12-29 7:00:00
ABC03,TP-BN-AC-SE-0700,2025-12-29,1229,2408,Redbus,23,F,2025-11-26 0:30:15,2025-12-29 7:00:00
ABC04,CHN-BNG-AC-SE/SL-1930,2025-12-24,1765,1765,Online,28,M,2025-11-26 12:44:45,2025-12-24 20:45:00
ABC05,TP-BN-AC-SE-1115,2025-12-26,1179,3637,Redbus,50,M,2025-11-26 18:38:24,2025-12-26 11:30:00
ABC06,TP-BN-AC-SE-1115,2025-12-26,1229,3637,Redbus,13,M,2025-11-26 18:38:24,2025-12-26 11:30:00
ABC07,TP-BN-AC-SE-1115,2025-12-26,1229,3637,Redbus,42,F,2025-11-26 18:38:24,2025-12-26 11:30:00
ABC08,BN-TP-AC-SE-1230,2025-12-24,1119,3477,Redbus,54,F,2025-11-26 19:01:11,2025-12-24 13:30:00
ABC09,BN-TP-AC-SE-1230,2025-12-24,1179,3477,Redbus,32,M,2025-11-26 19:01:11,2025-12-24 13:30:00
ABC10,BN-TP-AC-SE-1230,2025-12-24,1179,3477,Redbus,5,M,2025-11-26 19:01:11,2025-12-24 13:30:00
ABC11,TP-BN-AC-SE-0800,2025-12-27,1179,4816,Redbus,13,F,2025-11-28 10:29:30,2025-12-27 8:00:00
ABC12,TP-BN-AC-SE-0800,2025-12-27,1179,4816,Redbus,41,F,2025-11-28 10:29:30,2025-12-27 8:00:00
ABC13,TP-BN-AC-SE-0800,2025-12-27,1229,4816,Redbus,41,F,2025-11-28 10:29:30,2025-12-27 8:00:00
ABC14,TP-BN-AC-SE-0800,2025-12-27,1229,4816,Redbus,41,M,2025-11-28 10:29:30,2025-12-27 8:00:00
ABC15,VSKP-GNT-AC-SE-2030,2026-01-13,641,517.65,Abhibus,47,F,2026-01-11 18:57:32,2026-01-13 22:18:00
ABC16,VSKP-GNT-AC-SE-2030,2026-01-13,673,517.65,Abhibus,52,M,2026-01-11 18:57:32,2026-01-13 22:18:00
ABC17,ERD-BNG-AC-SE-2100,2026-01-14,399,348.5,Abhibus,35,M,2026-01-11 12:52:33,2026-01-14 22:55:00
ABC18,HYD-ELR-AC-SE-1930,2026-01-10,1499,0,Redbus,22,M,2026-01-10 17:11:37,2026-01-10 21:20:00
ABC19,GNT-HYD-AC-SE/SL-2200,2026-01-15,704,1438.2,Redbus,39,M,2026-01-09 19:20:13,2026-01-15 23:15:00
ABC20,VSKP-GNT-AC-SE-2030,2026-01-13,494,0,Abhibus,20,M,2026-01-13 13:19:06,2026-01-13 20:30:00
ABC21,VSKP-GNT-AC-SE-2030,2026-01-13,494,0,Abhibus,53,M,2026-01-13 13:19:06,2026-01-13 20:30:00
ABC22,VJY-HYD-AC-SE/SL-1000,2026-01-10,359,295.2,PayTM,18,M,2026-01-09 22:10:49,2026-01-10 11:10:00
ABC23,HYD-ELR-AC-SE-2030,2026-01-14,745,669.8,Abhibus,22,F,2026-01-11 12:32:02,2026-01-14 20:30:00
ABC24,GNT-VSKP-AC-SE/SL-2030,2026-01-13,567,0,Online,19,M,2026-01-13 12:52:16,2026-01-13 21:35:00
ABC25,GNT-VSKP-AC-SE/SL-2200,2026-01-13,620,0,Online,33,M,2026-01-13 13:00:13,2026-01-13 22:00:00
ABC26,GNT-VSKP-AC-SE/SL-2030,2026-01-13,599,0,PayTM,30,M,2026-01-13 12:41:18,2026-01-13 22:00:00
ABC27,BN-TP-AC-SE-2300,2026-01-15,639,543.15,Redbus,27,M,2026-01-12 21:18:52,2026-01-15 23:45:00
ABC28,BN-TP-AC-SE-2300,2026-01-15,639,543.15,Redbus,38,M,2026-01-12 21:18:52,2026-01-15 23:45:00
ABC29,GNT-VSKP-AC-SE/SL-2030,2026-01-13,578,0,Abhibus,31,M,2026-01-13 13:06:14,2026-01-13 22:15:00
ABC30,VJY-HYD-AC-SE/SL-1000,2026-01-10,359,0,Redbus,15,M,2026-01-10 7:34:13,2026-01-10 11:30:00
ABC31,ELR-HYD-AC-SE-2100,2026-01-12,637,0,Redbus,51,F,2026-01-10 0:00:26,2026-01-12 21:10:00
ABC32,ELR-HYD-AC-SE-2100,2026-01-12,658,0,Redbus,56,M,2026-01-10 0:00:26,2026-01-12 21:10:00
ABC33,PND-CHN-AC-SE-0900,2026-01-12,529,899.3,Redbus,24,F,2026-01-10 17:53:41,2026-01-12 9:15:00
ABC34,PND-CHN-AC-SE-0900,2026-01-12,529,899.3,Redbus,25,M,2026-01-10 17:53:41,2026-01-12 9:15:00
ABC35,PND-CHN-AC-SE-0900,2026-01-12,529,899.3,Redbus,39,F,2026-01-10 17:53:41,2026-01-12 9:15:00
ABC36,PND-CHN-AC-SE-0900,2026-01-12,529,899.3,Redbus,25,M,2026-01-10 17:53:41,2026-01-12 9:15:00
ABC37,VSKP-GNT-AC-SE/SL-2130,2026-01-13,536,0,Online,45,M,2026-01-13 13:11:59,2026-01-13 22:10:00
ABC38,PND-CHN-AC-SE-0900,2026-01-12,594,504.9,Redbus,25,M,2026-01-10 23:27:14,2026-01-12 9:15:00
ABC39,PND-CHN-AC-SE-0900,2026-01-12,594,504.9,Redbus,33,M,2026-01-10 23:27:14,2026-01-12 9:15:00
ABC40,HYD-VJY-AC-SE/SL-2100,2026-01-09,1715,0,Redbus,42,F,2026-01-09 19:16:11,2026-01-09 23:10:00
ABC41,PND-CHN-AC-SE-1400,2026-01-16,453,385.05,PayTM,36,M,2026-01-13 15:57:49,2026-01-16 14:40:00
ABC42,BN-TP-AC-SE-2030,2026-01-15,662,0,Redbus,24,M,2026-01-14 20:29:12,2026-01-15 22:40:00
ABC43,HYD-VJY-AC-SE/SL-2100,2026-01-09,1452,0,Abhibus,24,F,2026-01-09 18:57:22,2026-01-09 21:15:00
ABC44,HYD-GNT-AC-SE-2115,2026-01-10,1473,0,Redbus,20,M,2026-01-10 17:47:56,2026-01-10 22:35:00
ABC45,HYD-GNT-AC-SE-2115,2026-01-10,1473,0,Redbus,23,M,2026-01-10 17:47:56,2026-01-10 22:35:00
ABC46,VJY-HYD-AC-SE/SL-1000,2026-01-10,336,0,Abhibus,21,M,2026-01-10 6:51:15,2026-01-10 10:40:00
ABC47,HYD-GNT-AC-SE-2115,2026-01-09,1499,0,Abhibus,25,F,2026-01-09 19:36:30,2026-01-09 22:05:00
ABC48,HYD-GNT-AC-SE-2115,2026-01-09,1373,0,Abhibus,28,F,2026-01-09 19:35:43,2026-01-09 22:05:00
ABC49,HYD-GNT-AC-SE-2115,2026-01-09,1031,0,Redbus,22,M,2026-01-09 19:10:28,2026-01-09 22:30:00
ABC50,VJY-HYD-AC-SE/SL-1000,2026-01-10,369,0,Abhibus,26,F,2026-01-10 7:37:43,2026-01-10 11:10:00
ABC51,CHN-BNG-AC-SE/SL-1830,2026-01-11,561,0,Redbus,22,M,2026-01-09 18:02:23,2026-01-11 19:05:00
ABC52,HYD-ELR-AC-SE-2230,2026-01-09,1264,2463,Abhibus,50,F,2026-01-09 17:23:59,2026-01-09 23:10:00
ABC53,BN-TP-AC-SE-1930,2026-01-09,946,946,Redbus,43,M,2026-01-09 17:23:59,2026-01-09 20:05:00
ABC54,CHN-BNG-AC-SE-1530,2026-01-09,323,323,Redbus,25,F,2026-01-09 17:24:59,2026-01-09 18:50:00
ABC55,TP-BN-AC-SE-1600,2026-01-15,588,588,Redbus,28,M,2026-01-09 17:25:04,2026-01-15 16:00:00
ABC56,BNG-CHN-AC-SE/SL-1730,2026-01-09,507,1715,Abhibus,15,F,2026-01-09 17:25:22,2026-01-09 18:15:00
ABC57,BNG-CHN-AC-SE/SL-1730,2026-01-09,604,1715,Abhibus,44,F,2026-01-09 17:25:22,2026-01-09 18:15:00
ABC58,BNG-CHN-AC-SE/SL-1730,2026-01-09,604,1715,Abhibus,23,M,2026-01-09 17:25:22,2026-01-09 18:15:00
ABC59,CHN-BNG-AC-SE/SL-1730,2026-01-09,464,464,Online,19,M,2026-01-09 17:25:28,2026-01-09 19:35:00
ABC60,HYD-VJY-AC-SE-1600,2026-01-09,673,673,POS,23,F,2026-01-09 17:25:45,2026-01-09 17:20:00
ABC61,VSKP-GNT-AC-SE/SL-2130,2026-01-09,599,599,Redbus,24,F,2026-01-09 17:26:07,2026-01-09 21:57:00
ABC62,GNT-HYD-AC-SE-2000,2026-01-09,420,420,Abhibus,26,M,2026-01-09 17:26:15,2026-01-09 20:00:00
ABC63,ELR-HYD-AC-SE-2100,2026-01-09,485,485,Agent,30,M,2026-01-09 17:26:24,2026-01-09 23:15:00
ABC64,GNT-VSKP-AC-SE-1830,2026-01-09,1515,1515,Abhibus,22,M,2026-01-09 17:26:40,2026-01-09 18:30:00
ABC65,HYD-VJY-AC-SE/SL-2100,2026-01-13,1483,1483,Abhibus,25,F,2026-01-09 17:28:26,2026-01-13 21:20:00
ABC66,BNG-CHN-AC-SE-1530,2026-01-10,723,723,Redbus,26,M,2026-01-09 17:28:49,2026-01-10 16:00:00
ABC67,CHN-BNG-AC-SE/SL-1830,2026-01-09,972,972,Redbus,30,M,2026-01-09 17:29:17,2026-01-09 19:40:00
ABC68,BN-TP-AC-SE-0530,2026-01-10,831,831,Redbus,29,F,2026-01-09 17:29:56,2026-01-10 6:40:00
ABC69,CHN-BNG-AC-SE/SL-1730,2026-01-09,464,1392,Abhibus,22,M,2026-01-09 17:30:01,2026-01-09 20:50:00
ABC70,CHN-BNG-AC-SE/SL-1730,2026-01-09,464,1392,Abhibus,21,M,2026-01-09 17:30:01,2026-01-09 20:50:00
ABC71,CHN-BNG-AC-SE/SL-1730,2026-01-09,464,1392,Abhibus,22,M,2026-01-09 17:30:01,2026-01-09 20:50:00
ABC72,HYD-VJY-AC-SE-0400E,2026-01-10,978,978,Abhibus,20,M,2026-01-09 17:30:21,2026-01-10 5:55:00
ABC73,VSKP-GNT-AC-SE-2030,2026-01-09,420,420,Redbus,18,M,2026-01-09 17:30:26,2026-01-09 20:30:00
ABC74,TP-BN-AC-SE-0530,2026-01-11,483,483,Online,25,M,2026-01-09 17:30:45,2026-01-11 5:30:00
ABC75,HYD-GNT-AC-SE-0300,2026-01-10,1115,1115,Abhibus,36,M,2026-01-09 17:31:07,2026-01-10 4:35:00
ABC76,GNT-HYD-AC-SE-2215,2026-01-10,489,988,Abhibus,21,M,2026-01-09 17:31:22,2026-01-10 22:15:00
ABC77,GNT-HYD-AC-SE-2215,2026-01-10,499,988,Abhibus,53,M,2026-01-09 17:31:22,2026-01-10 22:15:00
ABC78,CHN-BNG-AC-SE/SL-1930,2026-01-13,2291,2291,Redbus,28,M,2026-01-09 17:31:34,2026-01-13 22:05:00
ABC79,BNG-CHN-AC-SE/SL-1730,2026-01-09,583,583,Abhibus,48,M,2026-01-09 17:31:40,2026-01-09 20:45:00
ABC80,TP-BN-AC-SE-1115,2026-01-11,483,483,Abhibus,16,M,2026-01-09 17:32:04,2026-01-11 11:15:00
ABC81,BN-TP-AC-SE-0600,2026-01-10,852,852,Online,30,F,2026-01-09 17:33:15,2026-01-10 6:50:00
ABC82,CHN-BNG-AC-SE/SL-2200,2026-01-09,594,594,Redbus,19,F,2026-01-09 17:33:19,2026-01-09 22:00:00
ABC83,BN-TP-AC-SE-2300,2026-01-09,841,1766,Redbus,33,M,2026-01-09 17:33:25,2026-01-10 0:25:00
ABC84,BN-TP-AC-SE-2300,2026-01-09,925,1766,Redbus,33,F,2026-01-09 17:33:25,2026-01-10 0:25:00
ABC85,CHN-PND-AC-SE-2000,2026-01-09,475,982,Abhibus,26,F,2026-01-09 17:33:28,2026-01-09 20:25:00
ABC86,CHN-PND-AC-SE-2000,2026-01-09,507,982,Abhibus,30,M,2026-01-09 17:33:28,2026-01-09 20:25:00
ABC87,GNT-HYD-AC-SE-2000,2026-01-09,349,349,Redbus,47,M,2026-01-09 17:33:57,2026-01-09 21:33:00
ABC88,CHN-BNG-AC-SE/SL-1830,2026-01-09,518,518,Abhibus,24,M,2026-01-09 17:34:07,2026-01-09 19:05:00
ABC89,HYD-VJY-AC-SE-0400E,2026-01-10,1188,1188,Online,23,M,2026-01-09 17:34:19,2026-01-10 4:05:00
ABC90,CHN-BNG-AC-SE/SL-2100,2026-01-09,539,539,Redbus,44,F,2026-01-09 17:34:29,2026-01-09 22:05:00
ABC91,CHN-PND-AC-SE-0900,2026-01-13,518,518,Redbus,24,M,2026-01-09 17:34:46,2026-01-13 9:00:00
ABC92,TP-BN-AC-SE-2030,2026-01-09,349,349,Redbus,27,M,2026-01-09 17:34:49,2026-01-09 20:30:00
ABC93,CHN-BNG-AC-SE/SL-1830,2026-01-09,529,529,Abhibus,30,M,2026-01-09 17:34:50,2026-01-09 20:05:00
ABC94,VSKP-GNT-AC-SE/SL-2300,2026-01-09,1009,1009,PayTM,19,M,2026-01-09 17:34:51,2026-01-09 23:05:00
ABC95,BN-TP-AC-SE-0700,2026-01-10,788,1619,Redbus,27,M,2026-01-09 17:34:55,2026-01-10 7:45:00
ABC96,BN-TP-AC-SE-0700,2026-01-10,831,1619,Redbus,47,M,2026-01-09 17:34:55,2026-01-10 7:45:00
ABC97,HYD-VJY-AC-SE-0845,2026-01-10,1557,3188,Redbus,75,F,2026-01-09 17:35:36,2026-01-10 10:10:00
ABC98,HYD-VJY-AC-SE-0845,2026-01-10,1631,3188,Redbus,46,F,2026-01-09 17:35:36,2026-01-10 10:10:00
ABC99,CHN-BNG-AC-SE-1530,2026-01-09,323,646,Redbus,20,M,2026-01-09 17:35:47,2026-01-09 20:50:00
ABC100,CHN-BNG-AC-SE-1530,2026-01-09,323,646,Redbus,48,F,2026-01-09 17:35:47,2026-01-09 20:50:00
ABC101,VSKP-GNT-AC-SE/SL-2300,2026-01-09,578,578,Online,18,M,2026-01-09 17:36:10,2026-01-09 23:12:00
ABC102,CHN-BNG-AC-SE/SL-1830,2026-01-09,550,550,Redbus,45,M,2026-01-09 17:36:28,2026-01-09 20:45:00
ABC103,CHN-PND-AC-SE-0900,2026-01-11,561,1155,Redbus,50,F,2026-01-09 17:36:52,2026-01-11 9:35:00
ABC104,CHN-PND-AC-SE-0900,2026-01-11,594,1155,Redbus,55,F,2026-01-09 17:36:52,2026-01-11 9:35:00
ABC105,TP-BN-AC-SE-2250,2026-01-10,420,420,Redbus,48,F,2026-01-09 17:36:53,2026-01-10 22:50:00
ABC106,BNG-CHN-AC-SE/SL-2200,2026-01-09,691,691,Abhibus,54,F,2026-01-09 17:37:07,2026-01-09 22:25:00
ABC107,HYD-GNT-AC-SE-2300,2026-01-09,1241,1241,Redbus,32,M,2026-01-09 17:37:50,2026-01-09 23:00:00
ABC108,HYD-GNT-AC-SE-1500,2026-01-09,794,794,Agent,31,M,2026-01-09 17:38:00,2026-01-09 18:50:00
ABC109,GNT-HYD-AC-SE-1615,2026-01-10,359,728,Redbus,21,M,2026-01-09 17:38:19,2026-01-10 17:55:00
ABC110,GNT-HYD-AC-SE-1615,2026-01-10,369,728,Redbus,20,M,2026-01-09 17:38:19,2026-01-10 17:55:00
ABC111,BN-TP-AC-SE-2130,2026-01-09,925,925,Abhibus,23,M,2026-01-09 17:38:20,2026-01-09 22:40:00
ABC112,TP-BN-AC-SE-0700,2026-01-10,329,678,Redbus,70,F,2026-01-09 17:38:37,2026-01-10 7:00:00
ABC113,TP-BN-AC-SE-0700,2026-01-10,349,678,Redbus,73,M,2026-01-09 17:38:37,2026-01-10 7:00:00
ABC114,GNT-VSKP-AC-SE-1930,2026-01-09,1494,1494,Redbus,47,M,2026-01-09 17:39:41,2026-01-09 21:35:00
ABC115,CHN-PND-AC-SE-0500,2026-01-10,626,626,Redbus,36,M,2026-01-09 17:39:46,2026-01-10 6:20:00
ABC116,CHN-BNG-AC-SE/SL-1730,2026-01-09,464,464,Abhibus,21,M,2026-01-09 17:39:46,2026-01-09 20:50:00
ABC117,HYD-GNT-AC-SE-2045,2026-01-09,1157,3523,Online,55,F,2026-01-09 17:39:49,2026-01-09 20:45:00
ABC118,HYD-GNT-AC-SE-2045,2026-01-09,1157,3523,Online,41,M,2026-01-09 17:39:49,2026-01-09 20:45:00
ABC119,HYD-GNT-AC-SE-2045,2026-01-09,1209,3523,Online,35,F,2026-01-09 17:39:49,2026-01-09 20:45:00
ABC120,VJY-VSKP-AC-SE/SL-0900,2026-01-11,2146,2146,Redbus,41,M,2026-01-09 17:39:55,2026-01-11 9:50:00
ABC121,ELR-HYD-AC-SE-2100,2026-01-10,369,369,Abhibus,47,M,2026-01-09 17:40:01,2026-01-10 23:25:00
ABC122,CHN-PND-AC-SE-0900,2026-01-10,756,756,Redbus,53,M,2026-01-09 17:40:14,2026-01-10 9:25:00
ABC123,TP-BN-AC-SE-2030,2026-01-15,515,1051,Abhibus,28,F,2026-01-09 17:40:20,2026-01-15 22:15:00
ABC124,TP-BN-AC-SE-2030,2026-01-15,536,1051,Abhibus,30,M,2026-01-09 17:40:20,2026-01-15 22:15:00
ABC125,CHN-BNG-AC-SE/SL-1930,2026-01-10,1307,1307,Redbus,24,M,2026-01-09 17:40:30,2026-01-10 22:50:00
ABC126,BNG-CHN-AC-SE/SL-1730,2026-01-09,885,885,Redbus,30,M,2026-01-09 17:40:50,2026-01-09 18:30:00
ABC127,BNG-CHN-AC-SE/SL-1830,2026-01-09,1080,1080,Redbus,22,F,2026-01-09 17:40:56,2026-01-09 20:00:00
ABC128,CHN-BNG-AC-SE/SL-2100,2026-01-09,507,507,Redbus,20,M,2026-01-09 17:41:05,2026-01-09 21:30:00
ABC129,GNT-HYD-AC-SE-2215,2026-01-09,459,459,Abhibus,30,M,2026-01-09 17:41:15,2026-01-09 22:25:00
ABC130,VSKP-GNT-AC-SE-1930,2026-01-09,641,641,Redbus,53,M,2026-01-09 17:41:35,2026-01-09 20:15:00
ABC131,GNT-VSKP-AC-SE-1930,2026-01-09,1420,1420,Agent,11,F,2026-01-09 17:42:01,2026-01-09 22:45:00
ABC132,GNT-HYD-AC-SE-1700,2026-01-09,389,799,Redbus,38,F,2026-01-09 17:42:23,2026-01-09 19:00:00
ABC133,GNT-HYD-AC-SE-1700,2026-01-09,410,799,Redbus,15,M,2026-01-09 17:42:23,2026-01-09 19:00:00
ABC134,HYD-VJY-AC-SE-1600,2026-01-09,757,1545,Abhibus,18,M,2026-01-09 17:42:58,2026-01-09 19:50:00
ABC135,HYD-VJY-AC-SE-1600,2026-01-09,788,1545,Abhibus,22,F,2026-01-09 17:42:58,2026-01-09 19:50:00
ABC136,CHN-BNG-AC-SE/SL-2100,2026-01-09,539,539,Redbus,25,M,2026-01-09 17:43:27,2026-01-09 22:25:00
ABC137,CHN-BNG-AC-SE/SL-2100,2026-01-09,1026,1026,Redbus,34,M,2026-01-09 17:43:35,2026-01-09 21:30:00
ABC138,BN-TP-AC-SE-2130,2026-01-09,925,925,PayTM,26,M,2026-01-09 17:44:48,2026-01-09 23:25:00
ABC139,VSKP-GNT-AC-SE-2030,2026-01-09,525,2184,Online,11,M,2026-01-09 17:45:01,2026-01-09 20:52:00
ABC140,VSKP-GNT-AC-SE-2030,2026-01-09,525,2184,Online,29,F,2026-01-09 17:45:01,2026-01-09 20:52:00
ABC141,VSKP-GNT-AC-SE-2030,2026-01-09,567,2184,Online,9,F,2026-01-09 17:45:01,2026-01-09 20:52:00
ABC142,VSKP-GNT-AC-SE-2030,2026-01-09,567,2184,Online,35,M,2026-01-09 17:45:01,2026-01-09 20:52:00
ABC143,VSKP-GNT-AC-SE-1930,2026-01-10,809,809,Redbus,20,M,2026-01-09 17:45:09,2026-01-10 19:57:00
ABC144,CHN-BNG-AC-SE/SL-1830,2026-01-09,550,550,Redbus,27,M,2026-01-09 17:45:41,2026-01-09 19:30:00
ABC145,HYD-GNT-AC-SE-2300,2026-01-09,1199,2451,Redbus,80,M,2026-01-09 17:45:45,2026-01-09 23:15:00
ABC146,HYD-GNT-AC-SE-2300,2026-01-09,1252,2451,Redbus,70,F,2026-01-09 17:45:45,2026-01-09 23:15:00
ABC147,BN-TP-AC-SE-1930,2026-01-12,1009,1009,Abhibus,22,F,2026-01-09 17:45:45,2026-01-12 21:40:00
ABC148,VSKP-GNT-AC-SE-2030,2026-01-10,788,788,Redbus,27,F,2026-01-09 17:45:50,2026-01-10 22:08:00
ABC149,HYD-GNT-AC-SE-1500,2026-01-09,925,925,Abhibus,41,M,2026-01-09 17:46:13,2026-01-09 18:50:00
ABC150,VSKP-VJY-AC-SE/SL-0900,2026-01-10,431,862,Abhibus,9,M,2026-01-09 17:46:26,2026-01-10 10:10:00
ABC151,VSKP-VJY-AC-SE/SL-0900,2026-01-10,431,862,Abhibus,27,F,2026-01-09 17:46:26,2026-01-10 10:10:00
ABC152,BN-TP-AC-SE-2300,2026-01-09,757,757,Abhibus,28,F,2026-01-09 17:46:47,2026-01-09 23:45:00
ABC153,GNT-VSKP-AC-SE-1830,2026-01-09,1441,1441,Abhibus,31,M,2026-01-09 17:46:52,2026-01-09 19:40:00
ABC154,GNT-VSKP-AC-SE-1930,2026-01-09,1409,1409,Redbus,22,M,2026-01-09 17:47:05,2026-01-09 21:00:00
ABC155,VSKP-VJY-AC-SE/SL-0900,2026-01-09,209,418,POS,53,F,2026-01-09 17:47:19,2026-01-09 16:50:00
ABC156,VSKP-VJY-AC-SE/SL-0900,2026-01-09,209,418,POS,40,F,2026-01-09 17:47:19,2026-01-09 16:50:00
ABC157,HYD-GNT-AC-SE-1500,2026-01-09,925,925,Agent,30,M,2026-01-09 17:47:36,2026-01-09 18:50:00
ABC158,BN-TP-AC-SE-1930,2026-01-09,936,936,Redbus,28,M,2026-01-09 17:48:12,2026-01-09 19:55:00
ABC159,BN-TP-AC-SE-1930,2026-01-09,725,725,Redbus,31,M,2026-01-09 17:48:13,2026-01-09 21:20:00
ABC160,VSKP-GNT-AC-SE-2030,2026-01-09,441,441,Abhibus,18,M,2026-01-09 17:48:45,2026-01-09 20:42:00
ABC161,BNG-ERD-AC-SE-2030,2026-01-09,594,1188,Redbus,27,M,2026-01-09 17:48:45,2026-01-09 21:40:00
ABC162,BNG-ERD-AC-SE-2030,2026-01-09,594,1188,Redbus,26,F,2026-01-09 17:48:45,2026-01-09 21:40:00
ABC163,GNT-VSKP-AC-SE-1300,2026-01-10,1809,1809,Redbus,26,F,2026-01-09 17:49:08,2026-01-10 14:40:00
ABC164,BN-TP-AC-SE-2300,2026-01-09,631,631,PayTM,30,M,2026-01-09 17:49:24,2026-01-10 0:50:00
ABC165,GNT-HYD-AC-SE-2215,2026-01-10,309,309,Redbus,19,M,2026-01-09 17:50:24,2026-01-10 23:30:00
ABC166,TP-BN-AC-SE-2030,2026-01-09,349,349,PayTM,29,M,2026-01-09 17:50:39,2026-01-09 20:30:00
ABC167,VSKP-GNT-AC-SE/SL-2130,2026-01-11,1367,1367,Redbus,38,M,2026-01-09 17:50:49,2026-01-11 21:52:00
ABC168,ELR-HYD-AC-SE-2000,2026-01-11,369,369,Redbus,20,M,2026-01-09 17:51:14,2026-01-11 21:55:00
ABC169,HYD-VJY-AC-SE-1600,2026-01-09,873,873,Abhibus,22,M,2026-01-09 17:51:17,2026-01-09 19:50:00
ABC170,CHN-BNG-AC-SE/SL-1930,2026-01-09,929,929,Redbus,23,M,2026-01-09 17:51:41,2026-01-09 20:20:00
ABC171,VSKP-VJY-AC-SE/SL-1030,2026-01-09,209,209,POS,23,M,2026-01-09 17:51:47,2026-01-09 18:00:00
ABC172,CHN-BNG-AC-SE/SL-2100,2026-01-09,1080,1080,Abhibus,34,M,2026-01-09 17:52:14,2026-01-09 23:20:00
ABC173,HYD-GNT-AC-SE-2115,2026-01-09,1062,3607,Redbus,40,F,2026-01-09 17:52:29,2026-01-09 22:00:00
ABC174,HYD-GNT-AC-SE-2115,2026-01-09,1241,3607,Redbus,12,M,2026-01-09 17:52:29,2026-01-09 22:00:00
ABC175,HYD-GNT-AC-SE-2115,2026-01-09,1304,3607,Redbus,11,F,2026-01-09 17:52:29,2026-01-09 22:00:00
ABC176,GNT-HYD-AC-SE-1500,2026-01-10,578,1187,POS,25,F,2026-01-09 17:52:45,2026-01-10 16:40:00
ABC177,GNT-HYD-AC-SE-1500,2026-01-10,609,1187,POS,25,F,2026-01-09 17:52:45,2026-01-10 16:40:00
ABC178,TP-BN-AC-SE-2250,2026-01-09,329,329,Redbus,26,M,2026-01-09 17:52:47,2026-01-09 23:15:00
ABC179,GNT-HYD-AC-SE-1700,2026-01-09,410,410,Abhibus,23,F,2026-01-09 17:52:50,2026-01-09 18:40:00
ABC180,CHN-BNG-AC-SE/SL-2100,2026-01-09,518,518,Redbus,21,M,2026-01-09 17:52:59,2026-01-09 22:05:00
ABC181,BNG-CHN-AC-SE/SL-2200,2026-01-09,1296,1296,Redbus,28,M,2026-01-09 17:53:39,2026-01-09 23:55:00
ABC182,GNT-HYD-AC-SE-2215,2026-01-09,379,379,Abhibus,35,M,2026-01-09 17:54:20,2026-01-10
ABC183,HYD-GNT-AC-SE-2300,2026-01-09,1315,2682,Redbus,46,M,2026-01-09 17:54:39,2026-01-10 0:35:00
ABC184,HYD-GNT-AC-SE-2300,2026-01-09,1367,2682,Redbus,43,M,2026-01-09 17:54:39,2026-01-10 0:35:00
ABC185,BNG-CHN-AC-SE/SL-0730,2026-01-10,1058,1058,Redbus,35,M,2026-01-09 17:54:55,2026-01-10 9:15:00
ABC186,TP-BN-AC-SE-1400,2026-01-10,357,357,Online,21,M,2026-01-09 17:54:58,2026-01-10 14:00:00
ABC187,GNT-HYD-AC-SE-2000,2026-01-09,359,359,Redbus,31,M,2026-01-09 17:55:46,2026-01-09 21:50:00
ABC188,GNT-HYD-AC-SE-1700,2026-01-09,431,884,Redbus,29,M,2026-01-09 17:56:08,2026-01-09 18:40:00
ABC189,GNT-HYD-AC-SE-1700,2026-01-09,453,884,Redbus,26,M,2026-01-09 17:56:08,2026-01-09 18:40:00
ABC190,GNT-VSKP-AC-SE-1830,2026-01-09,1157,1157,Online,28,M,2026-01-09 17:56:36,2026-01-09 19:40:00
ABC191,CHN-BNG-AC-SE/SL-1930,2026-01-09,539,539,Redbus,29,M,2026-01-09 17:56:41,2026-01-09 19:55:00
ABC192,BNG-CHN-AC-SE/SL-1730,2026-01-09,961,961,Redbus,37,M,2026-01-09 17:57:31,2026-01-09 18:30:00
ABC193,BN-TP-AC-SE-2130,2026-01-09,725,725,Redbus,18,M,2026-01-09 17:57:45,2026-01-09 21:50:00
ABC194,ELR-HYD-AC-SE-2000,2026-01-09,561,561,Redbus,29,M,2026-01-09 17:57:55,2026-01-09 20:20:00
ABC195,HYD-GNT-AC-SE-1500,2026-01-09,1104,1104,Redbus,21,M,2026-01-09 17:58:39,2026-01-09 18:50:00
ABC196,CHN-BNG-AC-SE/SL-2100,2026-01-11,1080,1080,Abhibus,32,M,2026-01-09 17:59:04,2026-01-11 23:20:00
ABC197,CHN-BNG-AC-SE/SL-1930,2026-01-09,550,550,PayTM,24,M,2026-01-09 17:59:04,2026-01-09 19:55:00
ABC198,VJY-VSKP-AC-SE/SL-0900,2026-01-11,2146,2146,Redbus,19,F,2026-01-09 17:59:37,2026-01-11 9:50:00
ABC199,CHN-BNG-AC-SE/SL-1830,2026-01-09,539,539,Abhibus,18,M,2026-01-09 17:59:41,2026-01-09 21:25:00
ABC200,CHN-BNG-AC-SE-1530,2026-01-09,377,377,Redbus,35,M,2026-01-09 17:59:46,2026-01-09 20:50:00
ABC201,BN-TP-AC-SE-2130,2026-01-09,820,820,Redbus,22,M,2026-01-09 17:59:55,2026-01-09 23:25:00
ABC202,HYD-VJY-AC-SE-1600,2026-01-09,873,3576,Abhibus,18,M,2026-01-09 17:59:57,2026-01-09 19:50:00
ABC203,HYD-VJY-AC-SE-1600,2026-01-09,873,3576,Abhibus,18,M,2026-01-09 17:59:57,2026-01-09 19:50:00
ABC204,HYD-VJY-AC-SE-1600,2026-01-09,915,3576,Abhibus,18,M,2026-01-09 17:59:57,2026-01-09 19:50:00
ABC205,HYD-VJY-AC-SE-1600,2026-01-09,915,3576,Abhibus,18,M,2026-01-09 17:59:57,2026-01-09 19:50:00
ABC206,BNG-CHN-AC-SE/SL-1830,2026-01-09,626,626,Abhibus,27,M,2026-01-09 17:59:57,2026-01-09 20:15:00
ABC207,VJY-HYD-AC-SE-0800,2026-01-11,462,462,Abhibus,18,F,2026-01-09 18:00:15,2026-01-11 9:00:00
ABC208,GNT-HYD-AC-SE-2215,2026-01-09,359,359,Abhibus,25,M,2026-01-09 18:00:32,2026-01-09 23:00:00
ABC209,BN-TP-AC-SE-1930,2026-01-09,946,946,Redbus,26,F,2026-01-09 18:00:52,2026-01-09 21:30:00
ABC210,TP-BN-AC-SE-2250,2026-01-15,557,557,Online,30,M,2026-01-09 18:00:53,2026-01-15 22:50:00
ABC211,ERD-BNG-AC-SE-2100,2026-01-09,356,356,Redbus,30,M,2026-01-09 18:00:54,2026-01-09 21:10:00
ABC212,BNG-CHN-AC-SE-1530,2026-01-14,972,972,Redbus,21,F,2026-01-09 18:01:13,2026-01-14 17:35:00
ABC213,BNG-CHN-AC-SE/SL-1830,2026-01-09,1188,1188,Redbus,28,F,2026-01-09 18:01:20,2026-01-09 18:50:00
ABC214,CHN-BNG-AC-SE/SL-2100,2026-01-11,1080,1080,Abhibus,32,M,2026-01-09 18:01:28,2026-01-11 23:20:00
ABC215,BNG-ERD-AC-SE-0800,2026-01-10,485,485,Redbus,26,M,2026-01-09 18:02:10,2026-01-10 10:10:00
ABC216,CHN-BNG-AC-SE/SL-0630,2026-01-10,464,464,Redbus,21,M,2026-01-09 18:03:43,2026-01-10 9:00:00
ABC217,HYD-ELR-AC-SE-2130,2026-01-09,907,907,Abhibus,22,M,2026-01-09 18:04:23,2026-01-09 22:35:00
ABC218,BNG-CHN-AC-SE/SL-0630,2026-01-10,529,529,Redbus,23,F,2026-01-09 18:04:32,2026-01-10 7:00:00
ABC219,VJY-HYD-AC-SE-0900,2026-01-10,315,640,Redbus,47,F,2026-01-09 18:05:00,2026-01-10 9:40:00
ABC220,VJY-HYD-AC-SE-0900,2026-01-10,325,640,Redbus,10,M,2026-01-09 18:05:00,2026-01-10 9:40:00
ABC221,BNG-CHN-AC-SE/SL-1830,2026-01-09,604,1230,Abhibus,68,M,2026-01-09 18:05:12,2026-01-09 18:50:00
ABC222,BNG-CHN-AC-SE/SL-1830,2026-01-09,626,1230,Abhibus,47,M,2026-01-09 18:05:12,2026-01-09 18:50:00
ABC223,BN-TP-AC-SE-0600,2026-01-10,799,1640,Redbus,47,M,2026-01-09 18:05:20,2026-01-10 7:00:00
ABC224,BN-TP-AC-SE-0600,2026-01-10,841,1640,Redbus,40,M,2026-01-09 18:05:20,2026-01-10 7:00:00
ABC225,BN-TP-AC-SE-2030,2026-01-09,915,1872,Redbus,31,M,2026-01-09 18:05:21,2026-01-09 22:45:00
ABC226,BN-TP-AC-SE-2030,2026-01-09,915,1872,Redbus,31,M,2026-01-09 18:05:21,2026-01-09 22:45:00
ABC227,BN-TP-AC-SE-2030,2026-01-09,957,1872,Redbus,27,M,2026-01-09 18:05:21,2026-01-09 22:45:00
ABC228,BN-TP-AC-SE-2030,2026-01-09,957,1872,Redbus,27,M,2026-01-09 18:05:21,2026-01-09 22:45:00
ABC229,BN-TP-AC-SE-0530,2026-01-10,578,1156,Redbus,23,M,2026-01-09 18:05:23,2026-01-10 7:20:00
ABC230,BN-TP-AC-SE-0530,2026-01-10,578,1156,Redbus,30,M,2026-01-09 18:05:23,2026-01-10 7:20:00
ABC231,BN-TP-AC-SE-1930,2026-01-10,862,862,Redbus,29,M,2026-01-09 18:05:35,2026-01-10 22:45:00
ABC232,BNG-CHN-AC-SE/SL-1930,2026-01-09,669,669,Abhibus,28,M,2026-01-09 18:05:52,2026-01-09 21:25:00
ABC233,VSKP-GNT-AC-SE-2030,2026-01-09,441,441,Online,19,M,2026-01-09 18:05:53,2026-01-09 21:10:00
ABC234,HYD-GNT-AC-SE/SL-2200,2026-01-09,1736,3472,Abhibus,25,F,2026-01-09 18:06:04,2026-01-09 23:10:00
ABC235,HYD-GNT-AC-SE/SL-2200,2026-01-09,1736,3472,Abhibus,27,M,2026-01-09 18:06:04,2026-01-09 23:10:00
ABC236,CHN-PND-AC-SE-0500,2026-01-10,626,626,Redbus,24,F,2026-01-09 18:06:31,2026-01-10 5:10:00
ABC237,BNG-CHN-AC-SE/SL-1830,2026-01-09,604,604,Abhibus,30,M,2026-01-09 18:06:49,2026-01-09 20:55:00
ABC238,GNT-HYD-AC-SE-1700,2026-01-09,345,345,Redbus,24,M,2026-01-09 18:06:56,2026-01-09 18:40:00
ABC239,ELR-HYD-AC-SE-2000,2026-01-09,410,410,Abhibus,27,M,2026-01-09 18:07:08,2026-01-09 20:45:00
ABC240,BNG-CHN-AC-SE/SL-1830,2026-01-09,626,626,Redbus,30,M,2026-01-09 18:07:14,2026-01-09 20:15:00
ABC241,GNT-HYD-AC-SE-2215,2026-01-09,359,359,Abhibus,23,M,2026-01-09 18:07:48,2026-01-10
ABC242,CHN-BNG-AC-SE/SL-1730,2026-01-09,766,766,Abhibus,23,M,2026-01-09 18:07:59,2026-01-09 19:10:00
ABC243,BNG-CHN-AC-SE/SL-1830,2026-01-09,604,604,Abhibus,33,M,2026-01-09 18:08:01,2026-01-09 21:40:00
ABC244,BN-TP-AC-SE-1930,2026-01-10,862,862,Redbus,29,M,2026-01-09 18:08:05,2026-01-10 22:45:00
ABC245,HYD-ELR-AC-SE-2130,2026-01-09,1102,1102,Redbus,25,F,2026-01-09 18:08:12,2026-01-09 22:40:00
ABC246,HYD-ELR-AC-SE-1930,2026-01-10,1448,1448,Abhibus,28,M,2026-01-09 18:08:36,2026-01-10 20:50:00
ABC247,HYD-ELR-AC-SE-1930,2026-01-10,1123,1123,Abhibus,27,M,2026-01-09 18:08:44,2026-01-10 21:35:00
ABC248,PND-CHN-AC-SE-1930,2026-01-09,215,215,Redbus,35,M,2026-01-09 18:09:02,2026-01-09 20:30:00
ABC249,GNT-HYD-AC-SE-1700,2026-01-09,410,410,Redbus,44,M,2026-01-09 18:09:44,2026-01-09 18:30:00
ABC250,GNT-HYD-AC-SE-1700,2026-01-09,431,1768,Online,11,F,2026-01-09 18:09:50,2026-01-09 18:40:00
ABC251,GNT-HYD-AC-SE-1700,2026-01-09,431,1768,Online,36,F,2026-01-09 18:09:50,2026-01-09 18:40:00
ABC252,GNT-HYD-AC-SE-1700,2026-01-09,453,1768,Online,38,M,2026-01-09 18:09:50,2026-01-09 18:40:00
ABC253,GNT-HYD-AC-SE-1700,2026-01-09,453,1768,Online,8,M,2026-01-09 18:09:50,2026-01-09 18:40:00
ABC254,GNT-VSKP-AC-SE-1300,2026-01-11,1388,1388,PayTM,27,M,2026-01-09 18:10:21,2026-01-11 14:05:00
ABC255,BNG-CHN-AC-SE/SL-1930,2026-01-09,1112,1112,Redbus,29,M,2026-01-09 18:10:39,2026-01-09 20:15:00
ABC256,BN-TP-AC-SE-2300,2026-01-09,957,957,Abhibus,27,F,2026-01-09 18:10:40,2026-01-10 1:00:00
ABC257,ERD-BNG-AC-SE-2100,2026-01-09,334,334,Redbus,26,M,2026-01-09 18:10:45,2026-01-09 22:40:00
ABC258,VSKP-GNT-AC-SE-1930,2026-01-09,441,441,Abhibus,24,M,2026-01-09 18:10:47,2026-01-09 20:00:00
ABC259,TP-BN-AC-SE-2250,2026-01-09,349,349,Redbus,28,M,2026-01-09 18:11:17,2026-01-09 22:50:00
ABC260,BNG-CHN-AC-SE/SL-2200,2026-01-09,1221,1221,Redbus,22,F,2026-01-09 18:11:33,2026-01-09 23:20:00
ABC261,VSKP-GNT-AC-SE/SL-2130,2026-01-09,1041,1041,Redbus,47,M,2026-01-09 18:11:47,2026-01-09 23:08:00
ABC262,CHN-BNG-AC-SE/SL-1730,2026-01-09,464,464,Abhibus,41,F,2026-01-09 18:12:06,2026-01-09 19:10:00
ABC263,TP-BN-AC-SE-2030,2026-01-09,329,329,Redbus,24,M,2026-01-09 18:12:32,2026-01-09 21:10:00
ABC264,GNT-VSKP-AC-SE-1300,2026-01-10,1609,3292,Abhibus,43,M,2026-01-09 18:12:37,2026-01-10 14:05:00
ABC265,GNT-VSKP-AC-SE-1300,2026-01-10,1683,3292,Abhibus,42,M,2026-01-09 18:12:37,2026-01-10 14:05:00
ABC266,ERD-BNG-AC-SE-2100,2026-01-10,388,388,Abhibus,37,M,2026-01-09 18:12:47,2026-01-10 21:10:00
ABC267,HYD-ELR-AC-SE-2130,2026-01-09,1112,1112,Online,21,M,2026-01-09 18:12:48,2026-01-09 22:50:00
ABC268,GNT-HYD-AC-SE-1700,2026-01-09,345,345,Redbus,60,M,2026-01-09 18:12:53,2026-01-09 18:40:00
ABC269,TP-BN-AC-SE-1400,2026-01-11,504,504,Abhibus,25,M,2026-01-09 18:13:01,2026-01-11 14:10:00
ABC270,PND-CHN-AC-SE-1930,2026-01-09,215,215,Redbus,35,M,2026-01-09 18:13:04,2026-01-09 19:45:00
ABC271,CHN-BNG-AC-SE/SL-2100,2026-01-09,1026,1026,Redbus,20,M,2026-01-09 18:13:08,2026-01-09 21:30:00
ABC272,BN-TP-AC-SE-1230,2026-01-14,515,515,Redbus,28,F,2026-01-09 18:13:09,2026-01-14 14:00:00
ABC273,VSKP-GNT-AC-SE/SL-2300,2026-01-09,588,588,Redbus,24,M,2026-01-09 18:13:14,2026-01-09 23:12:00
ABC274,BNG-CHN-AC-SE/SL-2100,2026-01-11,875,875,Redbus,50,M,2026-01-09 18:13:28,2026-01-11 21:20:00
ABC275,VSKP-VJY-AC-SE/SL-1000,2026-01-10,557,557,Abhibus,22,M,2026-01-09 18:13:40,2026-01-10 9:52:00
ABC276,BNG-CHN-AC-SE/SL-1830,2026-01-09,669,669,Abhibus,32,M,2026-01-09 18:13:43,2026-01-09 20:15:00
ABC277,BN-TP-AC-SE-2130,2026-01-09,894,894,Redbus,37,M,2026-01-09 18:14:10,2026-01-10
ABC278,VSKP-GNT-AC-SE-2030,2026-01-09,536,1093,PayTM,21,M,2026-01-09 18:14:30,2026-01-09 20:42:00
ABC279,VSKP-GNT-AC-SE-2030,2026-01-09,557,1093,PayTM,24,M,2026-01-09 18:14:30,2026-01-09 20:42:00
ABC280,BN-TP-AC-SE-1700,2026-01-09,820,820,Redbus,25,F,2026-01-09 18:14:42,2026-01-09 19:20:00
ABC281,BNG-CHN-AC-SE-1530,2026-01-19,950,950,Redbus,27,M,2026-01-09 18:14:43,2026-01-19 21:20:00
ABC282,HYD-ELR-AC-SE-2030,2026-01-09,1448,1448,Abhibus,60,M,2026-01-09 18:14:46,2026-01-09 21:20:00
ABC283,VSKP-GNT-AC-SE/SL-2300,2026-01-09,567,567,Redbus,31,M,2026-01-09 18:14:59,2026-01-09 23:45:00
ABC284,ELR-HYD-AC-SE-2000,2026-01-09,453,453,Abhibus,26,F,2026-01-09 18:15:04,2026-01-09 22:15:00
ABC285,CHN-BNG-AC-SE/SL-1830,2026-01-09,810,810,Redbus,28,M,2026-01-09 18:15:35,2026-01-09 20:45:00
ABC286,GNT-HYD-AC-SE-2000,2026-01-09,359,359,Redbus,44,M,2026-01-09 18:15:36,2026-01-09 21:33:00
ABC287,GNT-VSKP-AC-SE-1930,2026-01-09,1262,1262,Abhibus,31,M,2026-01-09 18:15:55,2026-01-09 21:35:00
ABC288,CHN-BNG-AC-SE/SL-0830,2026-01-10,464,1403,Online,17,M,2026-01-09 18:16:15,2026-01-10 8:50:00
ABC289,CHN-BNG-AC-SE/SL-0830,2026-01-10,464,1403,Online,10,M,2026-01-09 18:16:15,2026-01-10 8:50:00
ABC290,CHN-BNG-AC-SE/SL-0830,2026-01-10,475,1403,Online,46,M,2026-01-09 18:16:15,2026-01-10 8:50:00
ABC291,HYD-GNT-AC-SE/SL-2200,2026-01-09,1683,1683,Redbus,25,M,2026-01-09 18:16:39,2026-01-09 23:35:00
ABC292,VJY-VSKP-AC-SE/SL-1000,2026-01-10,1041,1041,Online,20,M,2026-01-09 18:16:44,2026-01-10 10:35:00
ABC293,CHN-BNG-AC-SE-0400,2026-01-10,572,572,Redbus,28,M,2026-01-09 18:16:57,2026-01-10 6:05:00
ABC294,GNT-VSKP-AC-SE-1830,2026-01-09,1157,1157,Abhibus,30,M,2026-01-09 18:17:47,2026-01-09 23:20:00
ABC295,VSKP-GNT-AC-SE/SL-2130,2026-01-10,1104,2208,Abhibus,35,M,2026-01-09 18:17:50,2026-01-10 22:45:00
ABC296,VSKP-GNT-AC-SE/SL-2130,2026-01-10,1104,2208,Abhibus,33,F,2026-01-09 18:17:50,2026-01-10 22:45:00
ABC297,CHN-BNG-AC-SE/SL-2200,2026-01-09,572,1155,Redbus,22,M,2026-01-09 18:17:57,2026-01-09 23:55:00
ABC298,CHN-BNG-AC-SE/SL-2200,2026-01-09,583,1155,Redbus,39,M,2026-01-09 18:17:57,2026-01-09 23:55:00
ABC299,TP-BN-AC-SE-0800,2026-01-10,304,304,Redbus,30,M,2026-01-09 18:18:58,2026-01-10 8:00:00
ABC300,VSKP-GNT-AC-SE/SL-2130,2026-01-09,567,567,Redbus,24,F,2026-01-09 18:18:59,2026-01-09 22:20:00
ABC301,CHN-PND-AC-SE-2000,2026-01-09,485,485,Online,38,M,2026-01-09 18:19:10,2026-01-09 21:15:00
ABC302,BN-TP-AC-SE-2230,2026-01-10,915,915,Abhibus,28,M,2026-01-09 18:19:28,2026-01-11 0:25:00
ABC303,HYD-GNT-AC-SE-0300,2026-01-10,1115,2314,Abhibus,15,M,2026-01-09 18:19:33,2026-01-10 4:25:00
ABC304,HYD-GNT-AC-SE-0300,2026-01-10,1199,2314,Abhibus,40,F,2026-01-09 18:19:33,2026-01-10 4:25:00
ABC305,BNG-CHN-AC-SE/SL-1730,2026-01-09,550,550,Abhibus,29,F,2026-01-09 18:19:47,2026-01-09 20:45:00
ABC306,HYD-GNT-AC-SE-2045,2026-01-10,1241,0,Online,30,M,2026-01-10 10:14:32,2026-01-10 22:05:00
ABC307,BNG-CHN-AC-SE/SL-1830,2026-01-09,658,658,Redbus,38,M,2026-01-09 18:20:01,2026-01-09 20:55:00
ABC308,VSKP-GNT-AC-SE/SL-2300,2026-01-09,1031,1031,PayTM,25,M,2026-01-09 18:21:05,2026-01-09 23:30:00
ABC309,TP-BN-AC-SE-1600,2026-01-12,431,431,Online,18,M,2026-01-09 18:21:20,2026-01-12 16:00:00
ABC310,BN-TP-AC-SE-1930,2026-01-09,852,1746,Redbus,43,M,2026-01-09 18:21:24,2026-01-09 21:40:00
ABC311,BN-TP-AC-SE-1930,2026-01-09,894,1746,Redbus,38,F,2026-01-09 18:21:24,2026-01-09 21:40:00
ABC312,GNT-VSKP-AC-SE/SL-2030,2026-01-09,2431,2431,Redbus,37,M,2026-01-09 18:21:30,2026-01-09 22:35:00
ABC313,GNT-HYD-AC-SE-2000,2026-01-09,359,359,Redbus,26,M,2026-01-09 18:21:41,2026-01-09 21:55:00
ABC314,GNT-VSKP-AC-SE-1930,2026-01-09,1357,1357,Abhibus,50,M,2026-01-09 18:21:45,2026-01-09 21:00:00
ABC315,BN-TP-AC-SE-2230,2026-01-09,746,746,Abhibus,35,M,2026-01-09 18:21:55,2026-01-09 22:50:00
ABC316,BNG-CHN-AC-SE/SL-1830,2026-01-09,1037,1037,Redbus,31,M,2026-01-09 18:22:02,2026-01-09 18:50:00
ABC317,BN-TP-AC-SE-1700,2026-01-09,894,894,Online,30,M,2026-01-09 18:22:18,2026-01-09 19:20:00
ABC318,VSKP-GNT-AC-SE-1930,2026-01-09,441,441,Abhibus,18,M,2026-01-09 18:22:21,2026-01-09 19:35:00
ABC319,ELR-HYD-AC-SE-2000,2026-01-09,356,356,Abhibus,33,M,2026-01-09 18:22:30,2026-01-09 22:15:00
ABC320,VJY-VSKP-AC-SE/SL-0900,2026-01-10,978,978,Redbus,40,M,2026-01-09 18:22:37,2026-01-10 9:35:00
ABC321,HYD-GNT-AC-SE-2300,2026-01-09,1220,1220,Abhibus,32,M,2026-01-09 18:22:42,2026-01-10
ABC322,GNT-VSKP-AC-SE-1930,2026-01-09,1357,2756,Online,21,F,2026-01-09 18:22:57,2026-01-09 21:00:00
ABC323,GNT-VSKP-AC-SE-1930,2026-01-09,1399,2756,Online,48,M,2026-01-09 18:22:57,2026-01-09 21:00:00
ABC324,BNG-ERD-AC-SE-2030,2026-01-09,594,594,Redbus,40,M,2026-01-09 18:23:11,2026-01-09 21:40:00
ABC325,CHN-PND-AC-SE-2000,2026-01-09,485,485,Redbus,24,M,2026-01-09 18:23:18,2026-01-09 20:25:00
ABC326,HYD-VJY-AC-SE-1600,2026-01-09,894,894,Redbus,47,M,2026-01-09 18:23:27,2026-01-09 20:10:00
ABC327,VSKP-GNT-AC-SE/SL-2300,2026-01-09,567,1743,Redbus,26,F,2026-01-09 18:23:28,2026-01-10 4:50:00
ABC328,VSKP-GNT-AC-SE/SL-2300,2026-01-09,588,1743,Redbus,26,M,2026-01-09 18:23:28,2026-01-10 4:50:00
ABC329,VSKP-GNT-AC-SE/SL-2300,2026-01-09,588,1743,Redbus,26,F,2026-01-09 18:23:28,2026-01-10 4:50:00
ABC330,BN-TP-AC-SE-2130,2026-01-09,925,925,Redbus,21,M,2026-01-09 18:24:02,2026-01-09 23:55:00
ABC331,TP-BN-AC-SE-1115,2026-01-10,329,678,Redbus,45,F,2026-01-09 18:24:12,2026-01-10 11:25:00
ABC332,TP-BN-AC-SE-1115,2026-01-10,349,678,Redbus,18,F,2026-01-09 18:24:12,2026-01-10 11:25:00
ABC333,TP-BN-AC-SE-1700,2026-01-20,1449,1449,Redbus,62,M,2026-01-09 18:24:31,2026-01-20 17:00:00
ABC334,BNG-CHN-AC-SE/SL-1830,2026-01-11,788,788,Abhibus,24,F,2026-01-09 18:24:38,2026-01-11 20:35:00
ABC335,BN-TP-AC-SE-2130,2026-01-09,704,704,Redbus,25,F,2026-01-09 18:25:16,2026-01-09 23:50:00
ABC336,GNT-VSKP-AC-SE-1930,2026-01-09,1409,1409,Redbus,18,F,2026-01-09 18:25:17,2026-01-09 21:00:00
ABC337,TP-BN-AC-SE-2350,2026-01-09,273,273,PayTM,24,M,2026-01-09 18:25:24,2026-01-09 23:50:00
ABC338,PND-CHN-AC-SE-1930,2026-01-09,215,215,Online,40,M,2026-01-09 18:25:27,2026-01-09 19:45:00
ABC339,HYD-VJY-AC-SE/SL-2100,2026-01-09,1125,1125,Abhibus,78,M,2026-01-09 18:25:31,2026-01-09 23:57:00
ABC340,VSKP-GNT-AC-SE-2030,2026-01-09,546,546,Abhibus,29,M,2026-01-09 18:25:49,2026-01-09 21:45:00
ABC341,HYD-VJY-AC-SE-0600,2026-01-10,1167,1167,Redbus,27,F,2026-01-09 18:25:51,2026-01-10 8:15:00
ABC342,VSKP-GNT-AC-SE-1930,2026-01-09,494,494,Abhibus,27,M,2026-01-09 18:25:53,2026-01-09 20:05:00
ABC343,BN-TP-AC-SE-2030,2026-01-09,746,746,Redbus,26,M,2026-01-09 18:25:53,2026-01-09 22:30:00
ABC344,BN-TP-AC-SE-2030,2026-01-09,746,746,Redbus,26,M,2026-01-09 18:25:53,2026-01-09 22:30:00
ABC345,CHN-BNG-AC-SE/SL-1730,2026-01-09,766,766,Redbus,20,M,2026-01-09 18:26:10,2026-01-09 19:35:00
ABC346,CHN-BNG-AC-SE/SL-1830,2026-01-09,842,2526,Redbus,51,F,2026-01-09 18:26:25,2026-01-09 22:45:00
ABC347,CHN-BNG-AC-SE/SL-1830,2026-01-09,842,2526,Redbus,24,M,2026-01-09 18:26:25,2026-01-09 22:45:00
ABC348,CHN-BNG-AC-SE/SL-1830,2026-01-09,842,2526,Redbus,49,M,2026-01-09 18:26:25,2026-01-09 22:45:00
ABC349,PND-CHN-AC-SE-1400,2026-01-10,334,668,Redbus,21,M,2026-01-09 18:27:09,2026-01-10 14:50:00
ABC350,PND-CHN-AC-SE-1400,2026-01-10,334,668,Redbus,20,F,2026-01-09 18:27:09,2026-01-10 14:50:00
ABC351,BNG-CHN-AC-SE/SL-2200,2026-01-09,594,594,Abhibus,27,M,2026-01-09 18:27:24,2026-01-09 22:25:00
ABC352,BN-TP-AC-SE-2130,2026-01-09,788,788,Online,36,M,2026-01-09 18:28:04,2026-01-09 23:25:00
ABC353,HYD-VJY-AC-SE-0600,2026-01-11,1441,1441,Abhibus,56,M,2026-01-09 18:28:13,2026-01-11 8:05:00
ABC354,BN-TP-AC-SE-1930,2026-01-09,946,946,Redbus,30,M,2026-01-09 18:28:17,2026-01-09 22:25:00
ABC355,HYD-ELR-AC-SE-2130,2026-01-11,1448,2960,Abhibus,45,M,2026-01-09 18:28:35,2026-01-11 22:35:00
ABC356,HYD-ELR-AC-SE-2130,2026-01-11,1512,2960,Abhibus,48,M,2026-01-09 18:28:35,2026-01-11 22:35:00
ABC357,BN-TP-AC-SE-0530,2026-01-10,894,1882,Redbus,25,F,2026-01-09 18:28:47,2026-01-10 6:15:00
ABC358,BN-TP-AC-SE-0530,2026-01-10,988,1882,Redbus,21,F,2026-01-09 18:28:47,2026-01-10 6:15:00
ABC359,HYD-GNT-AC-SE-0300,2026-01-10,1804,1804,Abhibus,19,F,2026-01-09 18:29:00,2026-01-10 5:10:00
ABC360,BN-TP-AC-SE-2030,2026-01-09,799,799,Abhibus,23,F,2026-01-09 18:29:05,2026-01-09 22:40:00
ABC361,BN-TP-AC-SE-2030,2026-01-09,799,799,Abhibus,23,F,2026-01-09 18:29:05,2026-01-09 22:40:00
ABC362,TP-BN-AC-SE-2250,2026-01-09,300,609,PayTM,21,M,2026-01-09 18:29:38,2026-01-09 22:50:00
ABC363,TP-BN-AC-SE-2250,2026-01-09,309,609,PayTM,21,M,2026-01-09 18:29:38,2026-01-09 22:50:00
ABC364,GNT-HYD-AC-SE-2000,2026-01-09,409,409,Redbus,22,M,2026-01-09 18:29:40,2026-01-09 20:00:00
ABC365,BNG-CHN-AC-SE-1530,2026-01-09,464,464,Redbus,46,M,2026-01-09 18:29:52,2026-01-09 21:20:00
ABC366,HYD-ELR-AC-SE-1930,2026-01-09,799,799,Abhibus,25,M,2026-01-09 18:30:06,2026-01-09 19:30:00
ABC367,BNG-CHN-AC-SE/SL-1930,2026-01-09,561,561,Online,42,M,2026-01-09 18:30:29,2026-01-09 22:35:00
ABC368,CHN-BNG-AC-SE/SL-1730,2026-01-18,1221,1221,Redbus,30,M,2026-01-09 18:30:35,2026-01-18 19:35:00
ABC369,VJY-HYD-AC-SE-1030,2026-01-11,349,349,Redbus,31,F,2026-01-09 18:30:47,2026-01-11 10:20:00
ABC370,TP-BN-AC-SE-0530,2026-01-12,525,525,Abhibus,29,F,2026-01-09 18:31:04,2026-01-12 5:30:00
ABC371,BN-TP-AC-SE-0530,2026-01-10,957,957,PayTM,38,F,2026-01-09 18:31:17,2026-01-10 6:15:00
ABC372,VJY-HYD-AC-SE-0800,2026-01-10,515,515,Online,18,M,2026-01-09 18:31:35,2026-01-10 9:00:00
ABC373,GNT-VSKP-AC-SE/SL-2030,2026-01-09,1841,1841,Online,30,M,2026-01-09 18:31:56,2026-01-09 22:35:00
ABC374,BN-TP-AC-SE-2130,2026-01-09,925,925,Abhibus,22,M,2026-01-09 18:32:28,2026-01-09 21:50:00
ABC375,CHN-BNG-AC-SE/SL-2100,2026-01-11,1275,1275,Abhibus,23,M,2026-01-09 18:32:31,2026-01-11 22:45:00
ABC376,BNG-CHN-AC-SE/SL-1930,2026-01-09,561,561,Redbus,23,F,2026-01-09 18:33:00,2026-01-09 21:25:00
ABC377,CHN-PND-AC-SE-0900,2026-01-11,561,1122,Redbus,56,F,2026-01-09 18:33:38,2026-01-11 10:50:00
ABC378,CHN-PND-AC-SE-0900,2026-01-11,561,1122,Redbus,60,M,2026-01-09 18:33:38,2026-01-11 10:50:00
ABC379,BN-TP-AC-SE-2130,2026-01-09,925,925,Redbus,39,M,2026-01-09 18:33:42,2026-01-09 23:55:00
ABC380,HYD-GNT-AC-SE-0300,2026-01-10,1704,3640,Online,6,M,2026-01-09 18:33:58,2026-01-10 5:10:00
ABC381,HYD-GNT-AC-SE-0300,2026-01-10,1936,3640,Online,41,F,2026-01-09 18:33:58,2026-01-10 5:10:00
ABC382,BNG-CHN-AC-SE/SL-1930,2026-01-09,1188,1188,Redbus,41,M,2026-01-09 18:34:02,2026-01-09 21:15:00
ABC383,TP-BN-AC-SE-1600,2026-01-10,441,441,Redbus,49,F,2026-01-09 18:34:16,2026-01-10 16:10:00
ABC384,BNG-CHN-AC-SE/SL-1830,2026-01-09,615,615,Online,25,M,2026-01-09 18:34:28,2026-01-09 20:15:00
ABC385,VJY-HYD-AC-SE/SL-1000,2026-01-10,349,0,Abhibus,31,F,2026-01-10 7:47:52,2026-01-10 12:00:00
ABC386,VJY-HYD-AC-SE/SL-1000,2026-01-10,349,0,Abhibus,36,M,2026-01-10 7:47:52,2026-01-10 12:00:00
ABC387,HYD-ELR-AC-SE-2230,2026-01-10,1426,2917,Online,21,M,2026-01-09 18:34:55,2026-01-11 0:05:00
ABC388,HYD-ELR-AC-SE-2230,2026-01-10,1491,2917,Online,25,M,2026-01-09 18:34:55,2026-01-11 0:05:00
ABC389,BN-TP-AC-SE-0530,2026-01-10,757,1588,Redbus,26,M,2026-01-09 18:35:52,2026-01-10 6:35:00
ABC390,BN-TP-AC-SE-0530,2026-01-10,831,1588,Redbus,22,F,2026-01-09 18:35:52,2026-01-10 6:35:00
ABC391,BN-TP-AC-SE-2130,2026-01-09,662,662,Online,47,M,2026-01-09 18:36:11,2026-01-10
ABC392,TP-BN-AC-SE-1400,2026-01-10,473,473,Abhibus,19,F,2026-01-09 18:36:14,2026-01-10 14:00:00
ABC393,GNT-HYD-AC-SE/SL-2100,2026-01-16,609,1248,Redbus,32,M,2026-01-09 18:37:04,2026-01-16 23:00:00
ABC394,GNT-HYD-AC-SE/SL-2100,2026-01-16,639,1248,Redbus,30,F,2026-01-09 18:37:04,2026-01-16 23:00:00
ABC395,CHN-BNG-AC-SE/SL-0830,2026-01-10,485,485,Redbus,26,M,2026-01-09 18:37:09,2026-01-10 9:20:00
ABC396,VSKP-GNT-AC-SE/SL-2130,2026-01-09,462,462,Redbus,22,M,2026-01-09 18:37:54,2026-01-09 21:42:00
ABC397,BNG-CHN-AC-SE/SL-2200,2026-01-09,594,594,Redbus,34,M,2026-01-09 18:38:02,2026-01-09 22:25:00
ABC398,BN-TP-AC-SE-1000,2026-01-13,946,946,Abhibus,18,F,2026-01-09 18:38:09,2026-01-13 11:55:00
ABC399,BNG-ERD-AC-SE-0800,2026-01-10,475,475,Redbus,58,F,2026-01-09 18:38:23,2026-01-10 10:05:00
ABC400,TP-BN-AC-SE-2250,2026-01-09,349,349,Redbus,44,M,2026-01-09 18:38:29,2026-01-09 22:50:00
ABC401,VSKP-GNT-AC-SE-2030,2026-01-09,546,546,Redbus,35,M,2026-01-09 18:39:28,2026-01-09 22:18:00
ABC402,HYD-VJY-AC-SE/SL-2100,2026-01-09,1199,1199,Online,26,F,2026-01-09 18:39:32,2026-01-09 21:00:00
ABC403,BNG-CHN-AC-SE-0400,2026-01-10,421,421,Redbus,24,M,2026-01-09 18:39:52,2026-01-10 5:30:00
ABC404,GNT-VSKP-AC-SE/SL-2200,2026-01-09,2409,2409,Redbus,23,M,2026-01-09 18:40:02,2026-01-10 0:05:00
ABC405,HYD-GNT-AC-SE/SL-2200,2026-01-09,1704,3408,Redbus,28,M,2026-01-09 18:40:14,2026-01-09 23:35:00
ABC406,HYD-GNT-AC-SE/SL-2200,2026-01-09,1704,3408,Redbus,33,M,2026-01-09 18:40:14,2026-01-09 23:35:00
ABC407,VSKP-GNT-AC-SE/SL-2130,2026-01-09,452,452,Online,20,M,2026-01-09 18:40:16,2026-01-09 22:10:00
ABC408,HYD-ELR-AC-SE-2230,2026-01-11,1361,2787,Redbus,11,M,2026-01-09 18:40:34,2026-01-11 22:30:00
ABC409,HYD-ELR-AC-SE-2230,2026-01-11,1426,2787,Redbus,45,F,2026-01-09 18:40:34,2026-01-11 22:30:00
ABC410,BNG-CHN-AC-SE/SL-2200,2026-01-09,864,2657,Redbus,29,F,2026-01-09 18:40:54,2026-01-09 23:45:00
ABC411,BNG-CHN-AC-SE/SL-2200,2026-01-09,864,2657,Redbus,35,M,2026-01-09 18:40:54,2026-01-09 23:45:00
ABC412,BNG-CHN-AC-SE/SL-2200,2026-01-09,929,2657,Redbus,65,M,2026-01-09 18:40:54,2026-01-09 23:45:00
ABC413,TP-BN-AC-SE-2250,2026-01-09,349,349,PayTM,35,M,2026-01-09 18:41:08,2026-01-09 22:50:00
ABC414,HYD-GNT-AC-SE-2115,2026-01-09,1241,1241,Online,23,F,2026-01-09 18:41:13,2026-01-09 22:15:00
ABC415,HYD-ELR-AC-SE-2230,2026-01-09,1253,1253,Abhibus,40,F,2026-01-09 18:41:26,2026-01-09 22:30:00
ABC416,CHN-BNG-AC-SE/SL-0630,2026-01-10,756,756,Redbus,26,F,2026-01-09 18:41:26,2026-01-10 9:20:00
ABC417,GNT-VSKP-AC-SE/SL-2200,2026-01-09,736,736,Redbus,40,M,2026-01-09 18:41:35,2026-01-09 22:30:00
ABC418,BN-TP-AC-SE-0600,2026-01-10,841,1724,Online,40,F,2026-01-09 18:41:37,2026-01-10 7:35:00
ABC419,BN-TP-AC-SE-0600,2026-01-10,883,1724,Online,13,F,2026-01-09 18:41:37,2026-01-10 7:35:00
ABC420,ELR-HYD-AC-SE-2000,2026-01-09,377,377,Redbus,33,F,2026-01-09 18:41:48,2026-01-09 22:25:00
ABC421,HYD-ELR-AC-SE-1930,2026-01-09,983,2009,Online,23,M,2026-01-09 18:41:55,2026-01-09 22:20:00
ABC422,HYD-ELR-AC-SE-1930,2026-01-09,1026,2009,Online,24,F,2026-01-09 18:41:55,2026-01-09 22:20:00
ABC423,GNT-HYD-AC-SE-2215,2026-01-09,359,359,Online,32,M,2026-01-09 18:42:10,2026-01-10
ABC424,BNG-CHN-AC-SE/SL-2100,2026-01-09,1404,1404,Redbus,47,M,2026-01-09 18:42:28,2026-01-09 22:30:00
ABC425,PND-CHN-AC-SE-1930,2026-01-09,215,215,Redbus,32,M,2026-01-09 18:42:58,2026-01-09 19:45:00
ABC426,CHN-BNG-AC-SE/SL-2100,2026-01-09,745,1555,Abhibus,37,M,2026-01-09 18:43:16,2026-01-09 23:45:00
ABC427,CHN-BNG-AC-SE/SL-2100,2026-01-09,810,1555,Abhibus,33,M,2026-01-09 18:43:16,2026-01-09 23:45:00
ABC428,HYD-VJY-AC-SE/SL-0830,2026-01-18,529,1058,Abhibus,44,F,2026-01-09 18:43:24,2026-01-18 11:20:00
ABC429,HYD-VJY-AC-SE/SL-0830,2026-01-18,529,1058,Abhibus,18,M,2026-01-09 18:43:24,2026-01-18 11:20:00
ABC430,HYD-VJY-AC-SE/SL-2100,2026-01-09,1357,1357,Redbus,26,M,2026-01-09 18:43:27,2026-01-09 21:00:00
ABC431,GNT-VSKP-AC-SE/SL-2200,2026-01-11,1346,1346,Redbus,27,M,2026-01-09 18:43:55,2026-01-11 22:00:00
ABC432,GNT-VSKP-AC-SE-1930,2026-01-09,1399,2872,Abhibus,55,F,2026-01-09 18:44:01,2026-01-09 20:00:00
ABC433,GNT-VSKP-AC-SE-1930,2026-01-09,1473,2872,Abhibus,56,M,2026-01-09 18:44:01,2026-01-09 20:00:00
ABC434,TP-BN-AC-SE-2030,2026-01-09,309,309,Redbus,21,M,2026-01-09 18:44:04,2026-01-09 20:30:00
ABC435,ELR-HYD-AC-SE-2000,2026-01-09,359,812,Abhibus,17,M,2026-01-09 18:44:28,2026-01-09 21:55:00
ABC436,ELR-HYD-AC-SE-2000,2026-01-09,453,812,Abhibus,17,M,2026-01-09 18:44:28,2026-01-09 21:55:00
ABC437,GNT-VSKP-AC-SE-1930,2026-01-09,1262,2671,Redbus,34,M,2026-01-09 18:45:00,2026-01-09 21:15:00
ABC438,GNT-VSKP-AC-SE-1930,2026-01-09,1409,2671,Redbus,35,M,2026-01-09 18:45:00,2026-01-09 21:15:00
ABC439,BNG-CHN-AC-SE/SL-1930,2026-01-09,1080,1080,Redbus,18,M,2026-01-09 18:45:18,2026-01-09 21:00:00
ABC440,ELR-HYD-AC-SE-0930,2026-01-10,410,410,PayTM,31,M,2026-01-09 18:45:26,2026-01-10 10:15:00
ABC441,CHN-BNG-AC-SE/SL-1930,2026-01-09,680,680,Abhibus,19,F,2026-01-09 18:45:38,2026-01-09 22:10:00
ABC442,VSKP-GNT-AC-SE-1930,2026-01-09,494,494,Online,22,M,2026-01-09 18:45:57,2026-01-09 19:57:00
ABC443,CHN-BNG-AC-SE/SL-2100,2026-01-09,561,561,Abhibus,63,M,2026-01-09 18:46:05,2026-01-09 22:25:00
ABC444,BN-TP-AC-SE-1930,2026-01-09,662,662,Abhibus,25,M,2026-01-09 18:46:26,2026-01-09 21:55:00
ABC445,GNT-HYD-AC-SE-2000,2026-01-11,369,369,Redbus,40,M,2026-01-09 18:46:31,2026-01-11 20:55:00
ABC446,BN-TP-AC-SE-1930,2026-01-09,862,862,Redbus,35,M,2026-01-09 18:46:35,2026-01-09 21:00:00
ABC447,BNG-CHN-AC-SE/SL-0630,2026-01-16,615,1263,Redbus,25,M,2026-01-09 18:46:46,2026-01-16 10:55:00
ABC448,BNG-CHN-AC-SE/SL-0630,2026-01-16,648,1263,Redbus,23,M,2026-01-09 18:46:46,2026-01-16 10:55:00
ABC449,BN-TP-AC-SE-0600,2026-01-10,894,894,PayTM,26,M,2026-01-09 18:47:25,2026-01-10 7:05:00
ABC450,CHN-BNG-AC-SE/SL-1830,2026-01-09,658,658,Redbus,23,F,2026-01-09 18:47:29,2026-01-09 21:10:00
ABC451,TP-BN-AC-SE-2350,2026-01-10,631,631,Redbus,15,M,2026-01-09 18:47:31,2026-01-10 23:50:00
ABC452,BN-TP-AC-SE-0600,2026-01-10,894,894,Abhibus,26,M,2026-01-09 18:48:05,2026-01-10 6:10:00
ABC453,BN-TP-AC-SE-2130,2026-01-09,852,1777,Redbus,30,F,2026-01-09 18:48:12,2026-01-09 23:15:00
ABC454,BN-TP-AC-SE-2130,2026-01-09,925,1777,Redbus,28,M,2026-01-09 18:48:12,2026-01-09 23:15:00
ABC455,VSKP-GNT-AC-SE-1930,2026-01-09,546,546,Online,35,M,2026-01-09 18:48:28,2026-01-09 21:28:00
ABC456,BNG-CHN-AC-SE-1530,2026-01-10,604,604,Abhibus,31,M,2026-01-09 18:49:02,2026-01-10 16:40:00
ABC457,CHN-BNG-AC-SE/SL-2200,2026-01-09,507,507,Redbus,36,M,2026-01-09 18:49:18,2026-01-09 21:45:00
ABC458,ELR-HYD-AC-SE-2000,2026-01-11,349,698,Redbus,20,F,2026-01-09 18:49:26,2026-01-11 22:15:00
ABC459,ELR-HYD-AC-SE-2000,2026-01-11,349,698,Redbus,21,F,2026-01-09 18:49:26,2026-01-11 22:15:00
ABC460,GNT-HYD-AC-SE-2045,2026-01-11,557,557,Abhibus,24,F,2026-01-09 18:49:33,2026-01-11 21:45:00
ABC461,VSKP-GNT-AC-SE/SL-2300,2026-01-09,546,546,Redbus,42,M,2026-01-09 18:49:45,2026-01-09 23:00:00
ABC462,BNG-CHN-AC-SE/SL-1930,2026-01-09,561,561,Redbus,25,M,2026-01-09 18:50:07,2026-01-09 22:35:00
ABC463,BN-TP-AC-SE-0700,2026-01-18,419,419,Online,62,F,2026-01-09 18:50:21,2026-01-18 7:00:00
ABC464,BN-TP-AC-SE-2030,2026-01-09,746,746,Redbus,33,M,2026-01-09 18:50:35,2026-01-09 22:30:00
ABC465,BN-TP-AC-SE-2030,2026-01-09,746,746,Redbus,33,M,2026-01-09 18:50:35,2026-01-09 22:30:00
ABC466,HYD-GNT-AC-SE-1500,2026-01-09,841,841,POS,30,M,2026-01-09 18:50:44,2026-01-09 18:50:00
ABC467,GNT-VSKP-AC-SE/SL-2200,2026-01-09,1231,1231,Redbus,26,M,2026-01-09 18:50:52,2026-01-09 23:30:00
ABC468,VSKP-GNT-AC-SE/SL-2130,2026-01-09,473,1325,Redbus,19,M,2026-01-09 18:51:14,2026-01-09 21:30:00
ABC469,VSKP-GNT-AC-SE/SL-2130,2026-01-09,852,1325,Redbus,20,M,2026-01-09 18:51:14,2026-01-09 21:30:00
ABC470,VSKP-GNT-AC-SE/SL-2300,2026-01-09,525,525,Redbus,58,M,2026-01-09 18:51:46,2026-01-10 0:38:00
ABC471,BN-TP-AC-SE-2230,2026-01-09,736,736,Online,22,M,2026-01-09 18:52:16,2026-01-09 23:30:00
ABC472,CHN-PND-AC-SE-1515,2026-01-13,907,907,PayTM,17,F,2026-01-09 18:52:28,2026-01-13 15:30:00
ABC473,CHN-BNG-AC-SE/SL-2100,2026-01-11,1166,1166,Redbus,31,M,2026-01-09 18:52:49,2026-01-11 23:20:00
ABC474,TP-BN-AC-SE-0530,2026-01-10,420,861,Redbus,33,M,2026-01-09 18:52:54,2026-01-10 7:20:00
ABC475,TP-BN-AC-SE-0530,2026-01-10,441,861,Redbus,34,M,2026-01-09 18:52:54,2026-01-10 7:20:00
ABC476,HYD-GNT-AC-SE-1500,2026-01-09,909,909,POS,45,M,2026-01-09 18:52:56,2026-01-09 18:50:00
ABC477,BNG-CHN-AC-SE/SL-2200,2026-01-09,1069,1069,Abhibus,35,M,2026-01-09 18:53:02,2026-01-09 22:30:00
ABC478,TP-BN-AC-SE-2350,2026-01-09,273,273,Redbus,45,F,2026-01-09 18:53:26,2026-01-10 0:35:00
ABC479,VJY-VSKP-AC-SE/SL-0900,2026-01-12,1167,1167,Online,39,M,2026-01-09 18:53:34,2026-01-12 9:50:00
ABC480,GNT-HYD-AC-SE-2000,2026-01-09,359,359,Online,42,M,2026-01-09 18:53:41,2026-01-09 21:15:00
ABC481,ELR-HYD-AC-SE-2000,2026-01-09,431,431,Abhibus,32,M,2026-01-09 18:53:48,2026-01-09 22:15:00
ABC482,HYD-GNT-AC-SE-2045,2026-01-09,1167,2387,Redbus,62,F,2026-01-09 18:54:29,2026-01-09 22:05:00
ABC483,HYD-GNT-AC-SE-2045,2026-01-09,1220,2387,Redbus,38,M,2026-01-09 18:54:29,2026-01-09 22:05:00
ABC484,BNG-ERD-AC-SE-2030,2026-01-09,464,464,Online,33,M,2026-01-09 18:54:49,2026-01-09 21:00:00
ABC485,CHN-BNG-AC-SE-0400,2026-01-14,842,842,Redbus,53,F,2026-01-09 18:54:56,2026-01-14 8:25:00
ABC486,VSKP-GNT-AC-SE/SL-2130,2026-01-09,831,831,Abhibus,28,M,2026-01-09 18:55:01,2026-01-09 22:45:00
ABC487,BNG-CHN-AC-SE/SL-1830,2026-01-09,615,615,PayTM,27,M,2026-01-09 18:55:02,2026-01-09 21:40:00
ABC488,VJY-VSKP-AC-SE/SL-0900,2026-01-14,567,567,Redbus,16,M,2026-01-09 18:55:11,2026-01-14 9:35:00
ABC489,BNG-CHN-AC-SE/SL-1730,2026-01-09,539,539,Abhibus,26,F,2026-01-09 18:55:21,2026-01-09 19:10:00
ABC490,VSKP-GNT-AC-SE/SL-2130,2026-01-09,504,504,Online,21,M,2026-01-09 18:55:24,2026-01-09 22:10:00
ABC491,BNG-CHN-AC-SE/SL-1930,2026-01-09,561,561,Redbus,46,M,2026-01-09 18:55:27,2026-01-09 19:55:00
ABC492,ELR-HYD-AC-SE-2000,2026-01-09,561,1144,Abhibus,34,M,2026-01-09 18:55:41,2026-01-09 20:15:00
ABC493,ELR-HYD-AC-SE-2000,2026-01-09,583,1144,Abhibus,35,M,2026-01-09 18:55:41,2026-01-09 20:15:00
ABC494,GNT-VSKP-AC-SE-1830,2026-01-09,1504,1504,Redbus,35,M,2026-01-09 18:55:41,2026-01-09 21:00:00
ABC495,PND-CHN-AC-SE-1930,2026-01-17,950,1900,Redbus,25,F,2026-01-09 18:55:43,2026-01-17 19:45:00
ABC496,PND-CHN-AC-SE-1930,2026-01-17,950,1900,Redbus,47,F,2026-01-09 18:55:43,2026-01-17 19:45:00
ABC497,HYD-ELR-AC-SE-2230,2026-01-09,1242,1242,Redbus,31,M,2026-01-09 18:55:52,2026-01-09 22:30:00
ABC498,HYD-ELR-AC-SE-1930,2026-01-10,1361,1361,Abhibus,18,M,2026-01-09 18:56:07,2026-01-10 20:40:00
ABC499,CHN-PND-AC-SE-2000,2026-01-09,453,453,Redbus,29,F,2026-01-09 18:56:09,2026-01-09 20:25:00
